season,division,date,home,away,home_goals,away_goals,game_nr
2021,4,2021-04-26,SR,KM,8,0,1
2021,4,2021-04-26,ÍR,KH,2,1,2
2021,4,2021-04-30,Grindavík,Hamar,2,0,3
2021,4,2021-04-30,Fram,Grótta,0,4,4
2021,4,2021-05-01,KR,HK,2,0,5
2021,4,2021-05-01,Afturelding,Haukar,3,1,6
2021,4,2021-05-01,Augnablik,ÍA,4,2,7
2021,4,2021-05-01,Fjölnir,Víkingur R.,1,2,8
2021,4,2021-05-01,FH,ÍR,10,1,9
2021,4,2021-05-01,Sindri,Einherji,5,0,10
2021,4,2021-05-02,SR,Álftanes,1,2,11
2021,1,2021-05-04,ÍBV,Þór/KA,1,2,12
2021,1,2021-05-04,Breiðablik,Fylkir,9,0,13
2021,1,2021-05-05,Tindastóll,Þróttur R.,1,1,14
2021,1,2021-05-05,Valur,Stjarnan,2,1,15
2021,1,2021-05-05,Keflavík,Selfoss,0,3,16
2021,2,2021-05-06,Grótta,ÍA,2,1,17
2021,2,2021-05-06,Augnablik,KR,2,1,18
2021,2,2021-05-06,Afturelding,Grindavík,2,2,19
2021,2,2021-05-06,Haukar,FH,2,1,20
2021,2,2021-05-06,Víkingur R.,HK,3,3,21
2021,1,2021-05-10,ÍBV,Breiðablik,4,2,22
2021,1,2021-05-10,Þróttur R.,Valur,0,0,23
2021,1,2021-05-11,Þór/KA,Selfoss,0,2,24
2021,1,2021-05-11,Stjarnan,Keflavík,0,0,25
2021,2,2021-05-12,ÍA,Augnablik,2,1,26
2021,2,2021-05-12,FH,Grótta,3,1,27
2021,2,2021-05-12,Víkingur R.,Afturelding,1,3,28
2021,3,2021-05-12,Fram,Hamrarnir,4,3,29
2021,3,2021-05-12,KH,Hamar,7,0,30
2021,2,2021-05-13,HK,KR,1,4,31
2021,2,2021-05-13,Grindavík,Haukar,1,1,32
2021,3,2021-05-13,Einherji,Álftanes,0,4,33
2021,3,2021-05-13,FHL,ÍR,5,3,34
2021,3,2021-05-13,SR,Völsungur,1,2,35
2021,3,2021-05-14,KM,Fjölnir,0,17,36
2021,1,2021-05-15,Tindastóll,ÍBV,2,1,37
2021,1,2021-05-15,Valur,Fylkir,1,0,38
2021,1,2021-05-15,Keflavík,Þróttur R.,2,2,39
2021,1,2021-05-15,Selfoss,Stjarnan,3,1,40
2021,1,2021-05-15,Breiðablik,Þór/KA,3,1,41
2021,4,2021-05-16,KR,Augnablik,3,1,42
2021,4,2021-05-16,Sindri,FHL,0,2,43
2021,4,2021-05-16,Afturelding,Grótta,2,2,44
2021,4,2021-05-17,FH,Víkingur R.,1,0,45
2021,4,2021-05-17,Hamrarnir,Völsungur,2,3,46
2021,4,2021-05-17,Álftanes,Grindavík,0,6,47
2021,1,2021-05-19,Þór/KA,Stjarnan,0,1,48
2021,1,2021-05-19,ÍBV,Valur,2,4,49
2021,1,2021-05-19,Breiðablik,Tindastóll,1,0,50
2021,1,2021-05-19,Fylkir,Keflavík,1,1,51
2021,1,2021-05-19,Þróttur R.,Selfoss,3,4,52
2021,2,2021-05-21,KR,ÍA,4,1,53
2021,2,2021-05-21,Grótta,Grindavík,3,1,54
2021,3,2021-05-21,Hamar,KM,6,0,55
2021,2,2021-05-22,Haukar,Víkingur R.,0,2,56
2021,2,2021-05-22,Afturelding,HK,6,2,57
2021,2,2021-05-22,Augnablik,FH,1,4,58
2021,3,2021-05-22,Fjölnir,Einherji,3,0,59
2021,3,2021-05-22,Álftanes,FHL,1,5,60
2021,3,2021-05-22,Sindri,Fram,1,4,61
2021,3,2021-05-22,Hamrarnir,SR,2,1,62
2021,3,2021-05-24,Völsungur,KH,2,0,63
2021,1,2021-05-26,Stjarnan,Þróttur R.,1,5,64
2021,1,2021-05-27,Keflavík,ÍBV,1,2,65
2021,1,2021-05-27,Valur,Breiðablik,3,7,66
2021,1,2021-05-27,Selfoss,Fylkir,0,0,67
2021,1,2021-05-27,Tindastóll,Þór/KA,1,2,68
2021,2,2021-05-27,HK,ÍA,0,1,69
2021,3,2021-05-27,FHL,Fjölnir,5,2,70
2021,3,2021-05-27,ÍR,Álftanes,2,1,71
2021,2,2021-05-28,Augnablik,Grindavík,1,1,72
2021,2,2021-05-28,Afturelding,Haukar,3,1,73
2021,2,2021-05-28,FH,KR,0,2,74
2021,2,2021-05-28,Víkingur R.,Grótta,1,1,75
2021,3,2021-05-29,SR,Sindri,2,5,76
2021,3,2021-05-29,KM,Völsungur,0,11,77
2021,3,2021-05-30,Einherji,Hamar,2,2,78
2021,3,2021-05-30,KH,Hamrarnir,3,0,79
2021,4,2021-05-30,FHL,Þróttur R.,1,7,80
2021,4,2021-05-31,Stjarnan,ÍBV,1,2,81
2021,4,2021-05-31,Fylkir,Keflavík,5,1,82
2021,4,2021-05-31,Breiðablik,Tindastóll,2,1,83
2021,4,2021-06-01,Völsungur,Valur,0,7,84
2021,4,2021-06-01,FH,Þór/KA,1,1,85
2021,4,2021-06-01,Grindavík,Afturelding,0,2,86
2021,4,2021-06-01,KR,Selfoss,0,3,87
2021,1,2021-06-05,Breiðablik,Keflavík,1,3,88
2021,1,2021-06-05,ÍBV,Selfoss,2,1,89
2021,1,2021-06-05,Tindastóll,Valur,0,5,90
2021,1,2021-06-05,Þór/KA,Þróttur R.,1,3,91
2021,1,2021-06-06,Fylkir,Stjarnan,1,2,92
2021,2,2021-06-06,Haukar,HK,0,1,93
2021,2,2021-06-06,Augnablik,Víkingur R.,1,2,94
2021,2,2021-06-06,Grótta,Afturelding,1,3,95
2021,2,2021-06-06,ÍA,FH,0,3,96
2021,3,2021-06-06,Hamar,FHL,0,2,97
2021,3,2021-06-06,Sindri,KH,1,4,98
2021,3,2021-06-06,Hamrarnir,KM,9,0,99
2021,2,2021-06-07,KR,Grindavík,5,2,100
2021,3,2021-06-07,Fram,SR,1,0,101
2021,3,2021-06-07,Völsungur,Einherji,1,0,102
2021,3,2021-06-07,Fjölnir,ÍR,3,1,103
2021,1,2021-06-10,Fylkir,Tindastóll,2,1,104
2021,3,2021-06-11,KH,Fram,2,1,105
2021,3,2021-06-11,FHL,Völsungur,7,0,106
2021,3,2021-06-11,ÍR,Hamar,2,2,107
2021,3,2021-06-12,KM,Sindri,1,5,108
2021,3,2021-06-12,Álftanes,Fjölnir,0,1,109
2021,3,2021-06-12,Einherji,Hamrarnir,1,1,110
2021,2,2021-06-13,Víkingur R.,KR,1,2,111
2021,2,2021-06-15,Haukar,Grótta,3,1,112
2021,2,2021-06-15,HK,FH,1,2,113
2021,2,2021-06-15,Grindavík,ÍA,2,3,114
2021,2,2021-06-15,Afturelding,Augnablik,1,1,115
2021,3,2021-06-18,Fram,KM,4,0,116
2021,3,2021-06-18,Hamar,Álftanes,2,0,117
2021,3,2021-06-18,SR,KH,0,1,118
2021,1,2021-06-19,Keflavík,Tindastóll,1,0,119
2021,3,2021-06-19,Hamrarnir,FHL,1,4,120
2021,3,2021-06-20,Völsungur,ÍR,1,0,121
2021,1,2021-06-21,Stjarnan,ÍBV,3,0,122
2021,1,2021-06-21,Valur,Þór/KA,1,1,123
2021,1,2021-06-21,Þróttur R.,Fylkir,2,4,124
2021,1,2021-06-21,Selfoss,Breiðablik,0,4,125
2021,2,2021-06-22,KR,Afturelding,1,1,126
2021,2,2021-06-22,FH,Grindavík,1,0,127
2021,2,2021-06-22,Augnablik,Haukar,1,3,128
2021,2,2021-06-22,Grótta,HK,1,2,129
2021,2,2021-06-22,ÍA,Víkingur R.,1,5,130
2021,3,2021-06-23,Fjölnir,Hamar,4,1,131
2021,3,2021-06-24,KM,SR,0,9,132
2021,3,2021-06-24,FHL,Sindri,4,0,133
2021,4,2021-06-24,ÍBV,Valur,0,1,134
2021,4,2021-06-25,Breiðablik,Afturelding,5,0,135
2021,4,2021-06-25,Selfoss,Þróttur R.,1,4,136
2021,4,2021-06-25,Fylkir,FH,1,4,137
2021,3,2021-06-26,Einherji,Fram,1,0,138
2021,3,2021-06-26,ÍR,Hamrarnir,5,2,139
2021,3,2021-06-26,Álftanes,Völsungur,0,2,140
2021,1,2021-06-29,ÍBV,Þróttur R.,1,2,141
2021,1,2021-06-29,Þór/KA,Fylkir,0,0,142
2021,1,2021-06-29,Valur,Keflavík,4,0,143
2021,1,2021-06-30,Tindastóll,Selfoss,0,0,144
2021,1,2021-06-30,Breiðablik,Stjarnan,1,2,145
2021,2,2021-06-30,Afturelding,ÍA,3,0,146
2021,2,2021-07-01,Haukar,KR,3,4,147
2021,2,2021-07-02,Víkingur R.,FH,0,4,148
2021,2,2021-07-02,HK,Grindavík,1,1,149
2021,2,2021-07-02,Grótta,Augnablik,3,2,150
2021,3,2021-07-03,Völsungur,Fjölnir,2,1,151
2021,1,2021-07-06,Fylkir,ÍBV,1,2,152
2021,1,2021-07-06,Stjarnan,Tindastóll,0,1,153
2021,1,2021-07-06,Keflavík,Þór/KA,1,2,154
2021,1,2021-07-06,Þróttur R.,Breiðablik,2,3,155
2021,1,2021-07-06,Selfoss,Valur,1,2,156
2021,3,2021-07-07,KH,KM,10,0,157
2021,2,2021-07-08,ÍA,Haukar,0,0,158
2021,2,2021-07-08,KR,Grótta,2,0,159
2021,2,2021-07-08,Grindavík,Víkingur R.,1,1,160
2021,2,2021-07-09,FH,Afturelding,1,1,161
2021,3,2021-07-10,Hamrarnir,Álftanes,2,0,162
2021,3,2021-07-10,SR,Einherji,1,1,163
2021,3,2021-07-10,Fram,FHL,4,3,164
2021,1,2021-07-11,Þór/KA,ÍBV,1,1,165
2021,1,2021-07-11,Þróttur R.,Tindastóll,2,0,166
2021,3,2021-07-11,Sindri,ÍR,0,3,167
2021,1,2021-07-12,Fylkir,Breiðablik,0,4,168
2021,1,2021-07-12,Stjarnan,Valur,0,2,169
2021,1,2021-07-13,Selfoss,Keflavík,1,0,170
2021,2,2021-07-13,FH,Haukar,1,1,171
2021,2,2021-07-14,ÍA,Grótta,0,2,172
2021,2,2021-07-14,HK,Víkingur R.,2,2,173
2021,2,2021-07-14,Grindavík,Afturelding,1,0,174
2021,2,2021-07-15,KR,Augnablik,3,2,175
2021,3,2021-07-16,ÍR,Fram,1,5,176
2021,4,2021-07-16,Þróttur R.,FH,4,0,177
2021,4,2021-07-16,Breiðablik,Valur,4,3,178
2021,3,2021-07-17,Einherji,KH,1,3,179
2021,3,2021-07-17,Álftanes,Sindri,0,2,180
2021,3,2021-07-17,Fjölnir,Hamrarnir,1,1,181
2021,3,2021-07-17,FHL,SR,8,1,182
2021,3,2021-07-18,Hamar,Völsungur,1,1,183
2021,1,2021-07-20,Tindastóll,Fylkir,2,1,184
2021,1,2021-07-20,Breiðablik,ÍBV,7,2,185
2021,1,2021-07-20,Selfoss,Þór/KA,1,1,186
2021,1,2021-07-20,Valur,Þróttur R.,6,1,187
2021,1,2021-07-20,Keflavík,Stjarnan,1,2,188
2021,3,2021-07-20,Sindri,Einherji,4,1,189
2021,2,2021-07-21,Haukar,Grindavík,3,2,190
2021,2,2021-07-21,KR,HK,4,1,191
2021,2,2021-07-21,Afturelding,Víkingur R.,4,0,192
2021,2,2021-07-21,Grótta,FH,1,5,193
2021,2,2021-07-21,Augnablik,ÍA,4,2,194
2021,3,2021-07-22,Fram,Álftanes,3,0,195
2021,1,2021-07-24,Þór/KA,Valur,1,3,196
2021,1,2021-07-24,Breiðablik,Selfoss,2,1,197
2021,3,2021-07-24,KH,FHL,0,3,198
2021,3,2021-07-24,KM,Einherji,0,11,199
2021,3,2021-07-24,Sindri,Fjölnir,2,4,200
2021,1,2021-07-25,ÍBV,Tindastóll,2,1,201
2021,2,2021-07-26,Víkingur R.,Haukar,2,0,202
2021,2,2021-07-26,Grindavík,Grótta,3,1,203
2021,2,2021-07-26,FH,Augnablik,7,1,204
2021,2,2021-07-26,HK,Afturelding,0,2,205
2021,3,2021-07-26,SR,ÍR,2,8,206
2021,1,2021-07-27,Þróttur R.,Keflavík,3,0,207
2021,2,2021-07-27,ÍA,KR,1,1,208
2021,1,2021-07-28,Þór/KA,Breiðablik,2,2,209
2021,1,2021-07-28,Stjarnan,Selfoss,2,1,210
2021,3,2021-07-29,Völsungur,Hamrarnir,3,0,211
2021,1,2021-07-30,Fylkir,Valur,1,5,212
2021,2,2021-08-05,KR,FH,0,2,213
2021,2,2021-08-05,Grindavík,Augnablik,1,0,214
2021,1,2021-08-06,Stjarnan,Þór/KA,1,1,215
2021,1,2021-08-06,Valur,ÍBV,1,0,216
2021,1,2021-08-06,Tindastóll,Breiðablik,1,3,217
2021,1,2021-08-06,Keflavík,Fylkir,1,2,218
2021,2,2021-08-06,Grótta,Víkingur R.,0,3,219
2021,2,2021-08-07,Haukar,Afturelding,2,6,220
2021,3,2021-08-07,Hamar,Sindri,0,2,221
2021,3,2021-08-08,Álftanes,SR,3,1,222
2021,3,2021-08-08,FHL,KM,24,0,223
2021,1,2021-08-09,Selfoss,Þróttur R.,2,2,224
2021,3,2021-08-09,Fjölnir,Fram,0,0,225
2021,3,2021-08-09,ÍR,KH,3,2,226
2021,3,2021-08-10,Sindri,Völsungur,1,1,227
2021,2,2021-08-12,HK,Haukar,2,1,228
2021,2,2021-08-12,FH,ÍA,1,0,229
2021,2,2021-08-12,Afturelding,Grótta,4,2,230
2021,2,2021-08-12,Grindavík,KR,3,3,231
2021,1,2021-08-13,Breiðablik,Valur,0,1,232
2021,2,2021-08-14,Víkingur R.,Augnablik,2,1,233
2021,3,2021-08-15,Einherji,FHL,1,1,234
2021,3,2021-08-16,KH,Álftanes,4,0,235
2021,3,2021-08-16,SR,Fjölnir,0,4,236
2021,3,2021-08-16,Fram,Hamar,4,0,237
2021,1,2021-08-17,Þór/KA,Tindastóll,1,0,238
2021,1,2021-08-17,ÍBV,Keflavík,1,2,239
2021,1,2021-08-17,Þróttur R.,Stjarnan,2,0,240
2021,1,2021-08-18,Fylkir,Selfoss,3,4,241
2021,2,2021-08-19,FH,HK,3,2,242
2021,2,2021-08-19,KR,Víkingur R.,6,0,243
2021,2,2021-08-19,Augnablik,Afturelding,0,3,244
2021,2,2021-08-20,Grótta,Haukar,1,2,245
2021,2,2021-08-20,ÍA,Grindavík,3,2,246
2021,3,2021-08-20,Álftanes,KM,6,0,247
2021,3,2021-08-21,Hamrarnir,Sindri,2,4,248
2021,3,2021-08-21,Völsungur,Fram,2,1,249
2021,3,2021-08-21,ÍR,Einherji,2,3,250
2021,3,2021-08-21,Hamar,SR,3,0,251
2021,3,2021-08-21,Fjölnir,KH,2,1,252
2021,2,2021-08-22,Augnablik,HK,4,2,253
2021,1,2021-08-23,Þróttur R.,Þór/KA,1,0,254
2021,1,2021-08-23,Selfoss,ÍBV,6,2,255
2021,1,2021-08-24,Stjarnan,Fylkir,1,0,256
2021,1,2021-08-25,Valur,Tindastóll,6,1,257
2021,1,2021-08-26,Keflavík,Breiðablik,1,1,258
2021,2,2021-08-26,HK,Grótta,1,2,259
2021,2,2021-08-26,Haukar,Augnablik,3,2,260
2021,2,2021-08-26,Grindavík,FH,4,4,261
2021,2,2021-08-26,Víkingur R.,ÍA,4,1,262
2021,2,2021-08-26,Afturelding,KR,0,3,263
2021,3,2021-08-26,KM,ÍR,0,16,264
2021,3,2021-08-27,Hamrarnir,Hamar,1,6,265
2021,3,2021-08-28,Fjölnir,Völsungur,2,0,266
2021,3,2021-08-29,Fram,FHL,1,1,267
2021,1,2021-08-30,ÍBV,Stjarnan,3,1,268
2021,1,2021-08-30,Tindastóll,Keflavík,0,1,269
2021,1,2021-08-30,Fylkir,Þróttur R.,1,1,270
2021,2,2021-08-30,ÍA,HK,1,2,271
2021,2,2021-09-03,Grindavík,HK,1,1,272
2021,1,2021-09-04,Selfoss,Tindastóll,1,3,273
2021,1,2021-09-04,Fylkir,Þór/KA,1,2,274
2021,1,2021-09-04,Þróttur R.,ÍBV,3,2,275
2021,1,2021-09-04,Keflavík,Valur,1,1,276
2021,2,2021-09-04,FH,Víkingur R.,2,4,277
2021,2,2021-09-04,ÍA,Afturelding,0,3,278
2021,2,2021-09-04,KR,Haukar,2,0,279
2021,2,2021-09-04,Augnablik,Grótta,2,1,280
2021,3,2021-09-04,FHL,Fram,3,0,281
2021,3,2021-09-04,Völsungur,Fjölnir,3,2,282
2021,1,2021-09-05,Stjarnan,Breiðablik,3,3,283
2021,2,2021-09-09,Grótta,KR,0,3,284
2021,2,2021-09-09,Víkingur R.,Grindavík,1,0,285
2021,2,2021-09-09,HK,Augnablik,0,2,286
2021,2,2021-09-09,Haukar,ÍA,3,3,287
2021,2,2021-09-09,Afturelding,FH,4,0,288
2021,3,2021-09-09,Völsungur,Fram,2,1,289
2021,1,2021-09-10,ÍBV,Fylkir,5,0,290
2021,1,2021-09-10,Valur,Selfoss,5,0,291
2021,3,2021-09-10,FHL,Fjölnir,3,1,292
2021,1,2021-09-12,Þór/KA,Keflavík,0,0,293
2021,1,2021-09-12,Tindastóll,Stjarnan,1,2,294
2021,1,2021-09-12,Breiðablik,Þróttur R.,6,1,295
2021,4,2021-10-01,Breiðablik,Þróttur R.,4,0,296
2022,5,2022-02-11,Stjarnan,Selfoss,5,0,297
2022,5,2022-02-12,Breiðablik,Tindastóll,5,0,298
2022,5,2022-02-12,Þróttur R.,Fylkir,1,2,299
2022,5,2022-02-12,Þór/KA,Keflavík,3,0,300
2022,5,2022-02-19,KR,ÍBV,3,2,301
2022,5,2022-02-23,HK,Haukar,2,2,302
2022,5,2022-02-26,Tindastóll,KR,1,1,303
2022,5,2022-02-26,FHL,Grindavík,3,0,304
2022,5,2022-02-27,Selfoss,ÍBV,0,4,305
2022,5,2022-02-27,Fylkir,Keflavík,0,3,306
2022,5,2022-02-27,Afturelding,Þór/KA,2,1,307
2022,5,2022-02-28,Stjarnan,Breiðablik,2,3,308
2022,5,2022-03-01,Valur,Þróttur R.,6,0,309
2022,5,2022-03-02,Keflavík,Afturelding,2,2,310
2022,5,2022-03-03,Haukar,Fjölnir,2,2,311
2022,5,2022-03-03,Augnablik,Víkingur R.,0,6,312
2022,5,2022-03-03,FH,Grindavík,7,0,313
2022,5,2022-03-04,Valur,Fylkir,6,0,314
2022,5,2022-03-05,Breiðablik,Selfoss,2,0,315
2022,5,2022-03-05,ÍBV,Tindastóll,6,0,316
2022,5,2022-03-05,Þór/KA,Þróttur R.,2,1,317
2022,5,2022-03-05,FHL,HK,0,8,318
2022,5,2022-03-06,KR,Stjarnan,1,2,319
2022,5,2022-03-07,Valur,Afturelding,3,0,320
2022,5,2022-03-07,Víkingur R.,FH,3,1,321
2022,5,2022-03-10,Breiðablik,KR,3,0,322
2022,5,2022-03-10,Þróttur R.,Keflavík,2,0,323
2022,5,2022-03-10,Víkingur R.,Haukar,7,0,324
2022,5,2022-03-10,FH,Augnablik,4,2,325
2022,5,2022-03-11,Fylkir,Afturelding,0,4,326
2022,5,2022-03-12,Stjarnan,ÍBV,2,1,327
2022,5,2022-03-12,Selfoss,Tindastóll,1,0,328
2022,5,2022-03-12,Valur,Þór/KA,7,0,329
2022,5,2022-03-12,HK,Grindavík,5,2,330
2022,5,2022-03-13,Fjölnir,Augnablik,4,2,331
2022,5,2022-03-18,Keflavík,Valur,0,1,332
2022,5,2022-03-18,Fjölnir,FHL,2,0,333
2022,5,2022-03-19,Breiðablik,ÍBV,3,1,334
2022,5,2022-03-19,KR,Selfoss,1,1,335
2022,5,2022-03-19,Tindastóll,Stjarnan,3,2,336
2022,5,2022-03-19,Þór/KA,Fylkir,3,0,337
2022,5,2022-03-20,FH,FHL,12,0,338
2022,5,2022-03-21,Afturelding,Þróttur R.,3,1,339
2022,5,2022-03-23,Augnablik,Grindavík,2,1,340
2022,5,2022-03-24,Haukar,FH,2,4,341
2022,5,2022-03-25,Breiðablik,Afturelding,3,0,342
2022,5,2022-03-26,Valur,Stjarnan,0,3,343
2022,5,2022-03-26,HK,Fjölnir,5,2,344
2022,5,2022-03-26,FHL,Víkingur R.,2,6,345
2022,5,2022-03-30,Víkingur R.,HK,0,1,346
2022,5,2022-03-30,Augnablik,Haukar,3,2,347
2022,5,2022-03-31,Fjölnir,Grindavík,1,3,348
2022,5,2022-04-01,Stjarnan,Breiðablik,1,2,349
2022,5,2022-04-05,Fjölnir,Víkingur R.,0,0,350
2022,5,2022-04-09,HK,FH,0,2,351
2022,5,2022-04-12,Haukar,Grindavík,1,2,352
2022,5,2022-04-20,Víkingur R.,Grindavík,2,0,353
2022,5,2022-04-20,Augnablik,HK,2,3,354
2022,5,2022-04-21,Haukar,FHL,2,1,355
2022,5,2022-04-22,FH,Fjölnir,7,0,356
2022,5,2022-04-23,FHL,Augnablik,3,0,357
2022,1,2022-04-26,ÍBV,Stjarnan,1,1,358
2022,1,2022-04-26,Valur,Þróttur R.,2,0,359
2022,1,2022-04-27,Breiðablik,Þór/KA,4,1,360
2022,1,2022-04-27,KR,Keflavík,0,4,361
2022,1,2022-04-27,Afturelding,Selfoss,1,4,362
2022,4,2022-04-29,Grótta,FH,0,7,363
2022,4,2022-04-29,Fylkir,Haukar,0,3,364
2022,4,2022-04-29,Augnablik,Hamar,7,0,365
2022,4,2022-04-29,ÍA,Fjölnir,6,1,366
2022,4,2022-04-30,ÍH,KÁ,3,2,367
2022,4,2022-04-30,Sindri,KH,4,2,368
2022,4,2022-04-30,Álftanes,Grindavík,1,3,369
2022,4,2022-04-30,Völsungur,Einherji,4,0,370
2022,4,2022-04-30,Fram,Víkingur R.,0,5,371
2022,4,2022-04-30,Tindastóll,HK,3,2,372
2022,1,2022-05-03,ÍBV,Selfoss,0,1,373
2022,1,2022-05-03,Þór/KA,Valur,2,1,374
2022,1,2022-05-03,Þróttur R.,Afturelding,4,2,375
2022,1,2022-05-04,Stjarnan,KR,5,1,376
2022,1,2022-05-04,Keflavík,Breiðablik,1,0,377
2022,2,2022-05-05,Haukar,FH,0,4,378
2022,2,2022-05-05,Víkingur R.,Augnablik,3,2,379
2022,2,2022-05-06,Tindastóll,Grindavík,2,0,380
2022,2,2022-05-06,Fylkir,HK,1,3,381
2022,2,2022-05-07,FHL,Fjölnir,6,1,382
2022,1,2022-05-08,Afturelding,Þór/KA,1,2,383
2022,1,2022-05-09,KR,ÍBV,0,2,384
2022,1,2022-05-09,Valur,Keflavík,3,0,385
2022,1,2022-05-09,Selfoss,Þróttur R.,1,1,386
2022,1,2022-05-09,Breiðablik,Stjarnan,3,0,387
2022,4,2022-05-10,FHL,Völsungur,4,0,388
2022,2,2022-05-11,HK,Fjölnir,4,2,389
2022,2,2022-05-11,FH,Víkingur R.,3,2,390
2022,2,2022-05-11,Grindavík,Haukar,2,0,391
2022,2,2022-05-11,Fylkir,Tindastóll,0,1,392
2022,1,2022-05-13,Stjarnan,Valur,0,2,393
2022,1,2022-05-13,KR,Breiðablik,0,4,394
2022,1,2022-05-13,Keflavík,Afturelding,1,2,395
2022,1,2022-05-14,Þór/KA,Selfoss,0,1,396
2022,1,2022-05-14,ÍBV,Þróttur R.,1,2,397
2022,2,2022-05-14,Augnablik,FHL,0,2,398
2022,4,2022-05-14,ÍA,Sindri,2,1,399
2022,4,2022-05-15,Grindavík,Víkingur R.,1,2,400
2022,4,2022-05-15,Tindastóll,ÍR,2,0,401
2022,4,2022-05-17,ÍH,FH,0,6,402
2022,4,2022-05-17,Augnablik,Haukar,1,5,403
2022,1,2022-05-18,Þróttur R.,Þór/KA,4,1,404
2022,1,2022-05-18,Afturelding,Stjarnan,1,3,405
2022,3,2022-05-18,KÁ,Fram,0,3,406
2022,1,2022-05-19,Valur,KR,9,1,407
2022,1,2022-05-19,Breiðablik,ÍBV,0,1,408
2022,1,2022-05-19,Selfoss,Keflavík,0,0,409
2022,2,2022-05-19,Víkingur R.,Grindavík,3,0,410
2022,2,2022-05-20,Tindastóll,HK,0,1,411
2022,2,2022-05-20,Fjölnir,Augnablik,1,2,412
2022,2,2022-05-20,Haukar,Fylkir,3,1,413
2022,3,2022-05-20,Hamar,KH,1,3,414
2022,3,2022-05-20,Grótta,ÍH,9,1,415
2022,2,2022-05-21,FHL,FH,1,2,416
2022,3,2022-05-21,ÍR,Sindri,3,1,417
2022,3,2022-05-21,Álftanes,Einherji,3,1,418
2022,1,2022-05-23,ÍBV,Þór/KA,5,4,419
2022,1,2022-05-23,KR,Afturelding,1,0,420
2022,1,2022-05-23,Keflavík,Þróttur R.,1,2,421
2022,1,2022-05-23,Stjarnan,Selfoss,3,1,422
2022,1,2022-05-24,Breiðablik,Valur,0,1,423
2022,2,2022-05-24,Fylkir,Víkingur R.,0,4,424
2022,2,2022-05-25,HK,Augnablik,1,0,425
2022,2,2022-05-25,Fjölnir,FH,0,0,426
2022,2,2022-05-25,Tindastóll,Haukar,1,0,427
2022,3,2022-05-25,Fram,ÍA,3,0,428
2022,2,2022-05-26,Grindavík,FHL,0,0,429
2022,3,2022-05-26,ÍH,Hamar,1,1,430
2022,3,2022-05-26,Einherji,Grótta,1,4,431
2022,3,2022-05-26,Sindri,Álftanes,3,2,432
2022,3,2022-05-26,KH,Völsungur,2,2,433
2022,4,2022-05-27,Þróttur R.,Víkingur R.,2,1,434
2022,4,2022-05-28,ÍA,KR,0,6,435
2022,4,2022-05-28,Þór/KA,Haukar,6,0,436
2022,4,2022-05-28,FH,Stjarnan,0,1,437
2022,4,2022-05-28,Selfoss,Afturelding,3,1,438
2022,4,2022-05-28,Tindastóll,Valur,1,4,439
2022,4,2022-05-29,FHL,Breiðablik,1,4,440
2022,4,2022-05-29,Keflavík,ÍBV,0,2,441
2022,1,2022-06-01,Þór/KA,Keflavík,3,2,442
2022,1,2022-06-01,Þróttur R.,Stjarnan,0,1,443
2022,1,2022-06-01,Afturelding,Breiðablik,1,6,444
2022,1,2022-06-01,Selfoss,KR,3,1,445
2022,3,2022-06-01,KÁ,KH,2,7,446
2022,1,2022-06-02,Valur,ÍBV,1,1,447
2022,2,2022-06-02,Augnablik,FH,0,5,448
2022,2,2022-06-02,Fjölnir,Grindavík,0,3,449
2022,2,2022-06-02,Víkingur R.,Tindastóll,1,2,450
2022,2,2022-06-04,Haukar,HK,0,3,451
2022,2,2022-06-04,FHL,Fylkir,2,1,452
2022,3,2022-06-04,Völsungur,ÍH,1,0,453
2022,3,2022-06-04,Álftanes,ÍR,3,4,454
2022,3,2022-06-04,Grótta,Sindri,7,0,455
2022,1,2022-06-06,Stjarnan,Þór/KA,5,0,456
2022,1,2022-06-07,ÍBV,Keflavík,3,2,457
2022,1,2022-06-07,KR,Þróttur R.,1,3,458
2022,1,2022-06-07,Breiðablik,Selfoss,1,0,459
2022,1,2022-06-07,Valur,Afturelding,6,1,460
2022,2,2022-06-08,Grindavík,Augnablik,1,4,461
2022,2,2022-06-09,Haukar,Víkingur R.,1,2,462
2022,2,2022-06-09,HK,FH,1,3,463
2022,3,2022-06-09,ÍH,KÁ,8,1,464
2022,2,2022-06-10,Fylkir,Fjölnir,1,0,465
2022,4,2022-06-10,ÍBV,Stjarnan,1,4,466
2022,4,2022-06-10,Selfoss,Þór/KA,4,1,467
2022,4,2022-06-10,Valur,KR,3,0,468
2022,4,2022-06-10,Breiðablik,Þróttur R.,3,1,469
2022,2,2022-06-11,Tindastóll,FHL,2,2,470
2022,3,2022-06-11,ÍR,Grótta,0,0,471
2022,3,2022-06-11,Sindri,Hamar,3,0,472
2022,3,2022-06-12,Einherji,ÍA,0,2,473
2022,3,2022-06-13,Álftanes,Fram,0,3,474
2022,1,2022-06-14,Afturelding,ÍBV,0,1,475
2022,1,2022-06-14,Þór/KA,KR,3,3,476
2022,1,2022-06-14,Keflavík,Stjarnan,1,0,477
2022,1,2022-06-14,Selfoss,Valur,0,1,478
2022,1,2022-06-14,Þróttur R.,Breiðablik,0,3,479
2022,2,2022-06-15,FH,Grindavík,6,0,480
2022,2,2022-06-15,Víkingur R.,HK,2,1,481
2022,2,2022-06-15,Augnablik,Fylkir,0,2,482
2022,3,2022-06-16,Hamar,ÍR,2,4,483
2022,1,2022-06-18,Þór/KA,Breiðablik,0,4,484
2022,3,2022-06-18,Grótta,Álftanes,1,1,485
2022,3,2022-06-18,Fram,KH,3,2,486
2022,3,2022-06-18,Völsungur,Sindri,6,1,487
2022,1,2022-06-19,Selfoss,Afturelding,0,1,488
2022,1,2022-06-19,Þróttur R.,Valur,1,2,489
2022,1,2022-06-19,Keflavík,KR,1,3,490
2022,1,2022-06-19,Stjarnan,ÍBV,4,0,491
2022,2,2022-06-19,FHL,Haukar,3,1,492
2022,2,2022-06-19,Fjölnir,Tindastóll,0,2,493
2022,3,2022-06-19,KÁ,Einherji,1,2,494
2022,3,2022-06-20,ÍA,ÍH,8,1,495
2022,2,2022-06-22,HK,Grindavík,2,0,496
2022,2,2022-06-23,Tindastóll,Augnablik,3,0,497
2022,2,2022-06-23,Haukar,Fjölnir,1,2,498
2022,3,2022-06-24,Álftanes,Hamar,5,2,499
2022,3,2022-06-25,ÍH,Fram,0,7,500
2022,3,2022-06-25,ÍR,Völsungur,0,0,501
2022,3,2022-06-25,Sindri,KÁ,3,0,502
2022,2,2022-06-26,Víkingur R.,FHL,1,1,503
2022,2,2022-06-28,Augnablik,Haukar,2,0,504
2022,2,2022-06-29,Fjölnir,Víkingur R.,0,2,505
2022,2,2022-06-29,FH,Tindastóll,1,1,506
2022,2,2022-06-29,Grindavík,Fylkir,0,0,507
2022,3,2022-06-29,Hamar,Grótta,1,6,508
2022,3,2022-07-01,KÁ,ÍR,0,8,509
2022,2,2022-07-02,FHL,HK,1,4,510
2022,3,2022-07-02,ÍA,Sindri,3,2,511
2022,3,2022-07-02,Völsungur,Álftanes,4,0,512
2022,3,2022-07-02,Fram,Einherji,1,0,513
2022,2,2022-07-05,FH,Haukar,6,0,514
2022,2,2022-07-06,Grindavík,Tindastóll,0,2,515
2022,2,2022-07-07,HK,Fylkir,0,0,516
2022,2,2022-07-07,Fjölnir,FHL,0,3,517
2022,3,2022-07-07,ÍR,ÍA,3,2,518
2022,3,2022-07-08,Álftanes,KÁ,3,1,519
2022,3,2022-07-09,Sindri,Fram,0,1,520
2022,3,2022-07-09,Grótta,Völsungur,2,3,521
2022,3,2022-07-15,KÁ,Grótta,0,3,522
2022,3,2022-07-15,Fram,ÍR,1,0,523
2022,3,2022-07-15,ÍA,Álftanes,3,0,524
2022,3,2022-07-16,KH,Einherji,4,0,525
2022,3,2022-07-17,Völsungur,Hamar,6,1,526
2022,2,2022-07-22,Fjölnir,HK,0,1,527
2022,2,2022-07-22,Víkingur R.,FH,0,3,528
2022,2,2022-07-22,Haukar,Grindavík,1,2,529
2022,2,2022-07-22,Tindastóll,Fylkir,1,1,530
2022,3,2022-07-22,Hamar,KÁ,2,1,531
2022,3,2022-07-22,Grótta,ÍA,6,1,532
2022,2,2022-07-23,FHL,Augnablik,3,1,533
2022,3,2022-07-23,Einherji,ÍH,4,1,534
2022,3,2022-07-23,Sindri,KH,2,1,535
2022,2,2022-07-26,HK,Tindastóll,1,1,536
2022,2,2022-07-26,Grindavík,Víkingur R.,0,1,537
2022,2,2022-07-27,Fylkir,Haukar,2,2,538
2022,2,2022-07-27,Augnablik,Fjölnir,3,0,539
2022,2,2022-07-27,FH,FHL,4,1,540
2022,1,2022-07-28,Valur,Stjarnan,1,1,541
2022,1,2022-07-28,Breiðablik,KR,5,0,542
2022,3,2022-07-28,Einherji,Völsungur,0,3,543
2022,1,2022-08-04,Valur,Þór/KA,3,0,544
2022,1,2022-08-04,Selfoss,ÍBV,0,0,545
2022,1,2022-08-04,KR,Stjarnan,1,2,546
2022,1,2022-08-04,Afturelding,Þróttur R.,0,2,547
2022,2,2022-08-04,FH,Fjölnir,1,0,548
2022,1,2022-08-05,Breiðablik,Keflavík,3,0,549
2022,2,2022-08-05,Augnablik,HK,1,2,550
2022,2,2022-08-05,Víkingur R.,Fylkir,0,0,551
2022,2,2022-08-05,Haukar,Tindastóll,0,5,552
2022,3,2022-08-05,KH,ÍR,3,4,553
2022,2,2022-08-06,FHL,Grindavík,3,0,554
2022,3,2022-08-06,Hamar,Einherji,0,1,555
2022,3,2022-08-06,Fram,Grótta,2,3,556
2022,3,2022-08-06,ÍH,Sindri,1,1,557
2022,3,2022-08-06,KÁ,Völsungur,0,7,558
2022,2,2022-08-08,Fylkir,FH,1,1,559
2022,2,2022-08-08,Augnablik,Víkingur R.,2,3,560
2022,3,2022-08-08,KH,ÍA,1,3,561
2022,1,2022-08-09,Þór/KA,Afturelding,0,1,562
2022,1,2022-08-09,ÍBV,KR,3,1,563
2022,1,2022-08-09,Keflavík,Valur,0,5,564
2022,1,2022-08-09,Stjarnan,Breiðablik,2,2,565
2022,1,2022-08-09,Þróttur R.,Selfoss,3,0,566
2022,2,2022-08-11,Grindavík,Fjölnir,2,0,567
2022,2,2022-08-11,HK,Haukar,4,1,568
2022,2,2022-08-12,FH,Augnablik,1,0,569
2022,3,2022-08-12,Álftanes,KH,3,2,570
2022,3,2022-08-12,Hamar,Fram,0,2,571
2022,3,2022-08-12,ÍR,ÍH,6,1,572
2022,4,2022-08-12,Stjarnan,Valur,1,3,573
2022,2,2022-08-13,Fylkir,FHL,0,0,574
2022,2,2022-08-13,Tindastóll,Víkingur R.,5,4,575
2022,3,2022-08-13,Sindri,Einherji,0,1,576
2022,3,2022-08-13,Völsungur,ÍA,3,2,577
2022,4,2022-08-13,Selfoss,Breiðablik,0,2,578
2022,3,2022-08-15,ÍH,KH,3,7,579
2022,1,2022-08-16,Þróttur R.,ÍBV,5,1,580
2022,1,2022-08-16,Selfoss,Þór/KA,2,0,581
2022,1,2022-08-16,Afturelding,Keflavík,2,3,582
2022,3,2022-08-16,ÍA,Hamar,11,0,583
2022,2,2022-08-18,FH,HK,0,0,584
2022,2,2022-08-19,Víkingur R.,Haukar,2,0,585
2022,2,2022-08-19,Fjölnir,Fylkir,1,4,586
2022,2,2022-08-19,Augnablik,Grindavík,0,3,587
2022,2,2022-08-20,FHL,Tindastóll,2,3,588
2022,3,2022-08-20,ÍH,Álftanes,5,1,589
2022,3,2022-08-20,ÍA,KÁ,5,0,590
2022,3,2022-08-20,KH,Grótta,0,4,591
2022,3,2022-08-20,Einherji,ÍR,1,3,592
2022,3,2022-08-20,Fram,Völsungur,2,2,593
2022,1,2022-08-23,Þór/KA,Þróttur R.,1,0,594
2022,1,2022-08-23,Stjarnan,Afturelding,7,1,595
2022,1,2022-08-24,Keflavík,Selfoss,0,2,596
2022,2,2022-08-25,Grindavík,FH,0,4,597
2022,2,2022-08-25,HK,Víkingur R.,1,2,598
2022,2,2022-08-25,Fylkir,Augnablik,1,1,599
2022,2,2022-08-25,Tindastóll,Fjölnir,5,0,600
2022,3,2022-08-26,Grótta,ÍA,1,1,601
2022,3,2022-08-26,Fram,KH,3,0,602
2022,2,2022-08-27,Haukar,FHL,2,2,603
2022,3,2022-08-27,Völsungur,ÍR,1,2,604
2022,4,2022-08-27,Breiðablik,Valur,1,2,605
2022,3,2022-09-03,Grótta,Fram,1,1,606
2022,3,2022-09-03,ÍA,ÍR,2,1,607
2022,3,2022-09-03,KH,Völsungur,2,5,608
2022,1,2022-09-09,ÍBV,Breiðablik,0,0,609
2022,1,2022-09-09,KR,Valur,0,6,610
2022,2,2022-09-09,FH,Fylkir,0,0,611
2022,2,2022-09-09,Fjölnir,Haukar,1,2,612
2022,2,2022-09-09,Augnablik,Tindastóll,0,5,613
2022,3,2022-09-09,Fram,ÍA,3,2,614
2022,2,2022-09-10,FHL,Víkingur R.,1,3,615
2022,3,2022-09-10,ÍR,KH,3,4,616
2022,3,2022-09-10,Völsungur,Grótta,0,1,617
2022,1,2022-09-11,Selfoss,Stjarnan,1,1,618
2022,2,2022-09-11,Grindavík,HK,2,1,619
2022,1,2022-09-12,Þróttur R.,Keflavík,2,3,620
2022,1,2022-09-13,Afturelding,KR,2,1,621
2022,1,2022-09-13,Valur,Breiðablik,1,1,622
2022,1,2022-09-14,Þór/KA,ÍBV,3,3,623
2022,2,2022-09-16,Tindastóll,FH,2,2,624
2022,2,2022-09-16,Haukar,Augnablik,0,3,625
2022,2,2022-09-16,HK,FHL,1,1,626
2022,2,2022-09-16,Víkingur R.,Fjölnir,6,1,627
2022,2,2022-09-16,Fylkir,Grindavík,2,1,628
2022,1,2022-09-17,ÍBV,Valur,0,3,629
2022,1,2022-09-18,KR,Selfoss,3,5,630
2022,1,2022-09-18,Keflavík,Þór/KA,1,3,631
2022,1,2022-09-18,Breiðablik,Afturelding,3,0,632
2022,3,2022-09-18,KH,Grótta,1,5,633
2022,3,2022-09-18,ÍR,Fram,0,2,634
2022,3,2022-09-18,Völsungur,ÍA,0,2,635
2022,1,2022-09-19,Stjarnan,Þróttur R.,2,0,636
2022,3,2022-09-23,Grótta,ÍR,0,1,637
2022,1,2022-09-24,Afturelding,Valur,1,3,638
2022,3,2022-09-24,Fram,Völsungur,1,4,639
2022,3,2022-09-24,ÍA,KH,5,0,640
2022,1,2022-09-25,Keflavík,ÍBV,1,2,641
2022,1,2022-09-25,Selfoss,Breiðablik,2,0,642
2022,1,2022-09-25,Þróttur R.,KR,5,0,643
2022,1,2022-09-26,Þór/KA,Stjarnan,0,4,644
2022,1,2022-10-01,Stjarnan,Keflavík,4,0,645
2022,1,2022-10-01,ÍBV,Afturelding,3,0,646
2022,1,2022-10-01,Valur,Selfoss,1,1,647
2022,1,2022-10-01,KR,Þór/KA,3,2,648
2022,1,2022-10-01,Breiðablik,Þróttur R.,2,3,649
2023,5,2023-02-11,Þróttur R.,KR,11,0,650
2023,5,2023-02-11,Keflavík,Afturelding,3,2,651
2023,5,2023-02-11,Stjarnan,Tindastóll,6,0,652
2023,5,2023-02-12,Þór/KA,FH,6,1,653
2023,5,2023-02-25,KR,Þór/KA,1,3,654
2023,5,2023-02-25,Keflavík,ÍBV,0,2,655
2023,5,2023-02-25,Afturelding,Stjarnan,1,2,656
2023,5,2023-02-25,Tindastóll,Breiðablik,0,8,657
2023,5,2023-02-25,FHL,Grindavík,2,4,658
2023,5,2023-02-26,Selfoss,FH,4,2,659
2023,5,2023-02-26,Grótta,Fylkir,2,5,660
2023,5,2023-02-27,Valur,Þróttur R.,0,2,661
2023,5,2023-02-28,Fram,HK,0,6,662
2023,5,2023-02-28,Augnablik,Víkingur R.,1,4,663
2023,5,2023-03-03,Stjarnan,Keflavík,2,0,664
2023,5,2023-03-03,Víkingur R.,Grótta,2,2,665
2023,5,2023-03-04,Þróttur R.,Selfoss,3,0,666
2023,5,2023-03-04,Þór/KA,Valur,4,3,667
2023,5,2023-03-04,Breiðablik,Afturelding,7,0,668
2023,5,2023-03-04,ÍBV,Tindastóll,0,3,669
2023,5,2023-03-04,FHL,Fram,4,1,670
2023,5,2023-03-07,FH,KR,4,0,671
2023,5,2023-03-07,Fylkir,Víkingur R.,2,5,672
2023,5,2023-03-07,HK,Grótta,5,2,673
2023,5,2023-03-08,Valur,Selfoss,7,1,674
2023,5,2023-03-10,Þróttur R.,Þór/KA,3,1,675
2023,5,2023-03-10,Stjarnan,Breiðablik,1,1,676
2023,5,2023-03-10,Augnablik,Fram,5,1,677
2023,5,2023-03-11,Afturelding,ÍBV,0,3,678
2023,5,2023-03-11,Víkingur R.,Grindavík,5,1,679
2023,5,2023-03-12,Valur,FH,3,2,680
2023,5,2023-03-14,Breiðablik,ÍBV,2,0,681
2023,5,2023-03-14,HK,Augnablik,3,0,682
2023,5,2023-03-16,Valur,KR,8,1,683
2023,5,2023-03-16,Fram,Grindavík,0,6,684
2023,5,2023-03-17,FH,Þróttur R.,2,5,685
2023,5,2023-03-17,Augnablik,FHL,1,2,686
2023,5,2023-03-18,Stjarnan,ÍBV,3,1,687
2023,5,2023-03-18,Tindastóll,Afturelding,2,0,688
2023,5,2023-03-19,Þór/KA,Selfoss,7,2,689
2023,5,2023-03-19,Breiðablik,Keflavík,9,0,690
2023,5,2023-03-19,Fylkir,FHL,2,0,691
2023,5,2023-03-22,Selfoss,KR,4,1,692
2023,5,2023-03-23,Breiðablik,Þór/KA,1,2,693
2023,5,2023-03-23,HK,Fylkir,1,0,694
2023,5,2023-03-25,Keflavík,Tindastóll,1,3,695
2023,5,2023-03-25,Þróttur R.,Stjarnan,1,1,696
2023,5,2023-03-25,FHL,Grótta,0,6,697
2023,5,2023-03-27,Fylkir,Grindavík,7,0,698
2023,5,2023-04-01,Stjarnan,Þór/KA,2,2,699
2023,5,2023-04-02,Augnablik,Grindavík,2,1,700
2023,5,2023-04-02,Grótta,Fram,4,0,701
2023,5,2023-04-05,Víkingur R.,HK,2,1,702
2023,5,2023-04-14,HK,Grindavík,5,2,703
2023,5,2023-04-14,Fram,Fylkir,0,0,704
2023,5,2023-04-14,Augnablik,Grótta,2,3,705
2023,5,2023-04-15,FHL,Víkingur R.,1,2,706
2023,5,2023-04-21,Víkingur R.,Fram,6,0,707
2023,5,2023-04-21,Fylkir,Augnablik,1,3,708
2023,5,2023-04-22,HK,FHL,3,2,709
2023,5,2023-04-22,Grótta,Grindavík,6,1,710
2023,4,2023-04-23,Völsungur,Sindri,3,0,711
2023,1,2023-04-25,ÍBV,Selfoss,1,0,712
2023,1,2023-04-25,Tindastóll,Keflavík,0,0,713
2023,1,2023-04-25,Valur,Breiðablik,1,0,714
2023,1,2023-04-26,Stjarnan,Þór/KA,0,1,715
2023,1,2023-04-26,Þróttur R.,FH,4,1,716
2023,4,2023-04-27,ÍA,Grótta,2,4,717
2023,4,2023-04-27,ÍH,Fylkir,2,4,718
2023,4,2023-04-27,Haukar,KH,5,1,719
2023,4,2023-04-27,Fram,HK,3,1,720
2023,4,2023-04-27,FHL,Einherji,2,0,721
2023,4,2023-04-28,Álftanes,ÍR,3,2,722
2023,4,2023-04-28,Víkingur R.,Smári,14,0,723
2023,4,2023-04-29,Fjölnir,Augnablik,2,4,724
2023,1,2023-05-01,Þór/KA,Keflavík,1,2,725
2023,2,2023-05-01,FHL,KR,2,1,726
2023,3,2023-05-01,ÍA,Sindri,7,0,727
2023,3,2023-05-01,ÍH,Einherji,3,1,728
2023,3,2023-05-01,ÍR,Völsungur,3,0,729
2023,1,2023-05-02,Valur,FH,2,0,730
2023,1,2023-05-02,Stjarnan,ÍBV,1,0,731
2023,1,2023-05-02,Tindastóll,Breiðablik,0,3,732
2023,2,2023-05-02,Fylkir,Afturelding,2,2,733
2023,2,2023-05-02,Víkingur R.,Grótta,2,1,734
2023,2,2023-05-02,Fram,Grindavík,2,2,735
2023,3,2023-05-02,Álftanes,Smári,8,0,736
2023,3,2023-05-02,Haukar,KH,3,2,737
2023,2,2023-05-03,HK,Augnablik,2,2,738
2023,1,2023-05-04,Selfoss,Þróttur R.,1,2,739
2023,3,2023-05-04,Fjölnir,ÍA,4,5,740
2023,1,2023-05-07,ÍBV,Þór/KA,0,1,741
2023,1,2023-05-07,Tindastóll,FH,1,1,742
2023,4,2023-05-07,Fylkir,Grótta,1,2,743
2023,4,2023-05-07,FHL,Völsungur,2,0,744
2023,4,2023-05-07,KR,Álftanes,3,1,745
2023,4,2023-05-07,Haukar,Grindavík,1,6,746
2023,4,2023-05-07,Afturelding,Fram,0,0,747
2023,4,2023-05-07,Víkingur R.,Augnablik,2,0,748
2023,1,2023-05-09,Keflavík,Breiðablik,0,6,749
2023,1,2023-05-10,Þróttur R.,Stjarnan,1,1,750
2023,1,2023-05-10,Valur,Selfoss,1,1,751
2023,2,2023-05-12,KR,Fylkir,0,6,752
2023,2,2023-05-12,HK,Fram,2,0,753
2023,2,2023-05-12,Víkingur R.,Augnablik,6,0,754
2023,3,2023-05-12,ÍH,ÍR,1,4,755
2023,3,2023-05-12,ÍA,Haukar,1,1,756
2023,2,2023-05-13,Grótta,Afturelding,5,2,757
2023,2,2023-05-13,Grindavík,FHL,1,0,758
2023,3,2023-05-13,Álftanes,Sindri,6,0,759
2023,3,2023-05-13,KH,Einherji,1,4,760
2023,3,2023-05-14,Fjölnir,Völsungur,4,1,761
2023,1,2023-05-15,Þór/KA,Breiðablik,2,0,762
2023,1,2023-05-15,ÍBV,Þróttur R.,3,0,763
2023,1,2023-05-16,Stjarnan,Valur,2,0,764
2023,1,2023-05-16,Selfoss,Tindastóll,3,1,765
2023,1,2023-05-16,FH,Keflavík,3,1,766
2023,2,2023-05-17,KR,Afturelding,0,4,767
2023,2,2023-05-17,Fylkir,Grindavík,3,0,768
2023,2,2023-05-17,Grótta,Augnablik,2,1,769
2023,2,2023-05-17,Fram,Víkingur R.,0,3,770
2023,3,2023-05-17,Fjölnir,ÍH,2,3,771
2023,3,2023-05-17,ÍR,KH,4,1,772
2023,3,2023-05-17,Haukar,Álftanes,0,0,773
2023,3,2023-05-17,ÍA,Einherji,1,0,774
2023,2,2023-05-18,FHL,HK,1,2,775
2023,3,2023-05-18,Sindri,Smári,1,1,776
2023,2,2023-05-21,Víkingur R.,FHL,4,1,777
2023,3,2023-05-21,Völsungur,ÍH,2,1,778
2023,3,2023-05-21,Einherji,Sindri,5,0,779
2023,1,2023-05-22,Valur,ÍBV,2,0,780
2023,1,2023-05-22,Þróttur R.,Þór/KA,2,1,781
2023,1,2023-05-22,Keflavík,Selfoss,1,0,782
2023,2,2023-05-23,HK,Fylkir,1,0,783
2023,1,2023-05-24,Tindastóll,Stjarnan,1,0,784
2023,1,2023-05-24,Breiðablik,FH,3,2,785
2023,2,2023-05-24,Grótta,KR,5,0,786
2023,2,2023-05-24,Grindavík,Afturelding,0,0,787
2023,2,2023-05-24,Augnablik,Fram,3,1,788
2023,3,2023-05-24,ÍR,Álftanes,1,1,789
2023,3,2023-05-24,Haukar,Smári,6,1,790
2023,4,2023-05-27,Grótta,Stjarnan,1,9,791
2023,4,2023-05-27,KR,Víkingur R.,1,4,792
2023,4,2023-05-27,Breiðablik,Fram,7,0,793
2023,4,2023-05-27,Tindastóll,Selfoss,0,1,794
2023,4,2023-05-27,Keflavík,Þór/KA,2,0,795
2023,4,2023-05-27,Þróttur R.,Valur,2,1,796
2023,3,2023-05-28,Sindri,Haukar,0,5,797
2023,4,2023-05-28,ÍBV,Grindavík,1,1,798
2023,3,2023-05-29,Álftanes,Einherji,0,2,799
2023,3,2023-05-29,Smári,Völsungur,1,2,800
2023,4,2023-05-29,FHL,FH,0,2,801
2023,3,2023-05-30,ÍA,ÍR,2,1,802
2023,3,2023-05-30,KH,Fjölnir,2,8,803
2023,1,2023-05-31,ÍBV,Tindastóll,1,2,804
2023,1,2023-05-31,Þróttur R.,Valur,1,2,805
2023,1,2023-05-31,Selfoss,Breiðablik,0,3,806
2023,1,2023-05-31,Stjarnan,Keflavík,3,0,807
2023,1,2023-06-01,Þór/KA,FH,0,2,808
2023,2,2023-06-01,Fram,Grótta,1,6,809
2023,2,2023-06-02,Afturelding,HK,0,1,810
2023,2,2023-06-02,KR,Grindavík,2,1,811
2023,3,2023-06-02,Haukar,Einherji,3,0,812
2023,2,2023-06-03,Fylkir,Víkingur R.,1,2,813
2023,2,2023-06-03,FHL,Augnablik,4,1,814
2023,3,2023-06-03,Smári,ÍH,0,3,815
2023,3,2023-06-03,Sindri,ÍR,0,4,816
2023,3,2023-06-04,KH,Völsungur,3,3,817
2023,3,2023-06-05,Álftanes,Fjölnir,1,4,818
2023,1,2023-06-06,Keflavík,ÍBV,0,0,819
2023,1,2023-06-06,FH,Selfoss,2,0,820
2023,1,2023-06-06,Tindastóll,Þróttur R.,1,3,821
2023,1,2023-06-06,Valur,Þór/KA,1,0,822
2023,1,2023-06-07,Breiðablik,Stjarnan,1,1,823
2023,2,2023-06-07,Grótta,Grindavík,0,1,824
2023,2,2023-06-08,HK,KR,6,1,825
2023,2,2023-06-08,Augnablik,Fylkir,0,5,826
2023,2,2023-06-08,Víkingur R.,Afturelding,2,3,827
2023,3,2023-06-09,ÍH,KH,5,1,828
2023,3,2023-06-09,ÍR,Haukar,2,2,829
2023,2,2023-06-10,Fram,FHL,3,2,830
2023,3,2023-06-10,Fjölnir,Sindri,7,2,831
2023,3,2023-06-10,Völsungur,ÍA,2,0,832
2023,1,2023-06-11,Þór/KA,Selfoss,3,0,833
2023,1,2023-06-12,ÍBV,Breiðablik,0,3,834
2023,1,2023-06-12,Þróttur R.,Keflavík,1,2,835
2023,1,2023-06-12,Stjarnan,FH,0,2,836
2023,1,2023-06-12,Valur,Tindastóll,5,0,837
2023,2,2023-06-13,KR,Víkingur R.,0,5,838
2023,2,2023-06-13,Grindavík,HK,5,3,839
2023,2,2023-06-13,Afturelding,Augnablik,4,0,840
2023,2,2023-06-15,Fylkir,Fram,3,0,841
2023,3,2023-06-15,ÍA,ÍH,0,2,842
2023,4,2023-06-15,ÍBV,FH,1,3,843
2023,4,2023-06-15,Þróttur R.,Breiðablik,0,3,844
2023,3,2023-06-16,Smári,KH,1,6,845
2023,3,2023-06-16,Haukar,Fjölnir,1,1,846
2023,4,2023-06-16,Víkingur R.,Selfoss,2,1,847
2023,4,2023-06-16,Keflavík,Stjarnan,0,1,848
2023,2,2023-06-18,FHL,Grótta,5,3,849
2023,3,2023-06-18,Einherji,ÍR,1,2,850
2023,3,2023-06-18,Álftanes,Völsungur,4,1,851
2023,2,2023-06-19,Augnablik,KR,0,1,852
2023,1,2023-06-21,FH,ÍBV,2,1,853
2023,1,2023-06-21,Selfoss,Stjarnan,2,1,854
2023,1,2023-06-21,Breiðablik,Þróttur R.,2,2,855
2023,1,2023-06-21,Keflavík,Valur,1,1,856
2023,1,2023-06-21,Þór/KA,Tindastóll,5,0,857
2023,2,2023-06-21,Fram,Afturelding,2,1,858
2023,2,2023-06-21,Víkingur R.,Grindavík,3,3,859
2023,3,2023-06-22,Fjölnir,Einherji,1,0,860
2023,2,2023-06-23,Grótta,HK,1,1,861
2023,3,2023-06-23,KH,ÍA,2,7,862
2023,3,2023-06-23,ÍH,Álftanes,2,2,863
2023,3,2023-06-23,ÍR,Smári,4,1,864
2023,3,2023-06-23,Völsungur,Sindri,6,1,865
2023,2,2023-06-24,FHL,Fylkir,2,4,866
2023,1,2023-06-25,Þór/KA,Stjarnan,3,3,867
2023,1,2023-06-25,Breiðablik,Valur,2,1,868
2023,1,2023-06-26,Selfoss,ÍBV,0,2,869
2023,1,2023-06-26,FH,Þróttur R.,0,0,870
2023,1,2023-06-26,Keflavík,Tindastóll,0,1,871
2023,2,2023-06-27,HK,Víkingur R.,1,3,872
2023,2,2023-06-28,Fylkir,Grótta,1,2,873
2023,2,2023-06-29,Grindavík,Augnablik,3,2,874
2023,2,2023-06-29,KR,Fram,0,2,875
2023,3,2023-06-29,Smári,ÍA,1,4,876
2023,3,2023-06-30,ÍR,Fjölnir,4,4,877
2023,3,2023-06-30,Álftanes,KH,3,1,878
2023,4,2023-06-30,FH,Víkingur R.,1,2,879
2023,2,2023-07-01,Afturelding,FHL,1,0,880
2023,3,2023-07-01,Völsungur,Haukar,0,3,881
2023,3,2023-07-01,Sindri,ÍH,1,5,882
2023,4,2023-07-01,Stjarnan,Breiðablik,1,1,883
2023,2,2023-07-02,Augnablik,HK,2,5,884
2023,1,2023-07-03,Þróttur R.,Selfoss,3,0,885
2023,1,2023-07-04,Keflavík,Þór/KA,0,1,886
2023,1,2023-07-04,ÍBV,Stjarnan,1,2,887
2023,1,2023-07-04,Breiðablik,Tindastóll,4,0,888
2023,1,2023-07-04,FH,Valur,2,3,889
2023,2,2023-07-05,Grindavík,Fram,1,0,890
2023,3,2023-07-05,KH,Sindri,8,2,891
2023,3,2023-07-05,Fjölnir,Smári,6,0,892
2023,3,2023-07-05,Einherji,Völsungur,0,1,893
2023,3,2023-07-05,ÍA,Álftanes,3,3,894
2023,3,2023-07-05,ÍH,Haukar,1,0,895
2023,2,2023-07-06,Grótta,Víkingur R.,4,4,896
2023,2,2023-07-06,Afturelding,Fylkir,1,2,897
2023,1,2023-07-08,Breiðablik,Keflavík,2,0,898
2023,1,2023-07-08,Stjarnan,Þróttur R.,0,2,899
2023,2,2023-07-08,KR,FHL,1,1,900
2023,1,2023-07-09,FH,Tindastóll,1,0,901
2023,1,2023-07-09,Selfoss,Valur,0,3,902
2023,1,2023-07-09,Þór/KA,ÍBV,0,2,903
2023,3,2023-07-09,Sindri,ÍA,0,7,904
2023,3,2023-07-09,KH,Haukar,0,3,905
2023,3,2023-07-09,Einherji,ÍH,2,1,906
2023,3,2023-07-09,Völsungur,ÍR,4,1,907
2023,3,2023-07-10,Smári,Álftanes,2,10,908
2023,2,2023-07-13,Fylkir,KR,2,1,909
2023,3,2023-07-14,ÍR,ÍH,1,4,910
2023,3,2023-07-15,Einherji,KH,7,2,911
2023,3,2023-07-16,Völsungur,Fjölnir,1,3,912
2023,3,2023-07-16,Sindri,Álftanes,0,5,913
2023,3,2023-07-19,Álftanes,Haukar,3,0,914
2023,2,2023-07-20,Fram,HK,2,1,915
2023,2,2023-07-20,Afturelding,Grótta,3,1,916
2023,3,2023-07-20,KH,ÍR,0,2,917
2023,3,2023-07-20,ÍH,Fjölnir,3,3,918
2023,2,2023-07-22,FHL,Grindavík,4,2,919
2023,3,2023-07-22,Smári,Sindri,2,5,920
2023,3,2023-07-22,Einherji,ÍA,1,0,921
2023,1,2023-07-23,Tindastóll,ÍBV,4,1,922
2023,3,2023-07-23,Haukar,Sindri,11,0,923
2023,2,2023-07-27,Afturelding,KR,2,0,924
2023,2,2023-07-27,Augnablik,Grótta,1,6,925
2023,3,2023-07-27,ÍR,ÍA,3,1,926
2023,2,2023-07-28,Grindavík,Fylkir,2,2,927
2023,3,2023-07-28,Fjölnir,KH,6,0,928
2023,3,2023-07-28,Völsungur,Smári,5,0,929
2023,1,2023-07-29,FH,Breiðablik,1,1,930
2023,1,2023-07-29,Stjarnan,Tindastóll,2,1,931
2023,1,2023-07-29,ÍBV,Valur,1,7,932
2023,1,2023-07-29,Þór/KA,Þróttur R.,0,4,933
2023,1,2023-07-29,Selfoss,Keflavík,1,0,934
2023,2,2023-07-29,HK,FHL,3,1,935
2023,2,2023-07-29,Víkingur R.,Fram,2,0,936
2023,3,2023-07-30,Einherji,Smári,6,0,937
2023,2,2023-08-01,KR,Grótta,1,4,938
2023,2,2023-08-01,Afturelding,Grindavík,3,1,939
2023,1,2023-08-02,FH,Þór/KA,0,1,940
2023,1,2023-08-02,Keflavík,Stjarnan,1,1,941
2023,2,2023-08-02,FHL,Víkingur R.,0,1,942
2023,2,2023-08-02,Fram,Augnablik,5,0,943
2023,2,2023-08-02,Fylkir,HK,3,2,944
2023,3,2023-08-02,Sindri,Einherji,1,6,945
2023,3,2023-08-02,Álftanes,ÍR,0,4,946
2023,1,2023-08-03,Breiðablik,Selfoss,4,0,947
2023,1,2023-08-03,Valur,Þróttur R.,2,1,948
2023,3,2023-08-03,ÍH,Völsungur,0,3,949
2023,3,2023-08-03,Smári,Haukar,0,13,950
2023,3,2023-08-03,ÍA,Fjölnir,4,3,951
2023,1,2023-08-07,Breiðablik,Þór/KA,4,2,952
2023,2,2023-08-07,Augnablik,Víkingur R.,0,4,953
2023,1,2023-08-08,Tindastóll,Selfoss,0,0,954
2023,1,2023-08-09,Valur,Stjarnan,1,1,955
2023,1,2023-08-10,Þróttur R.,ÍBV,1,1,956
2023,1,2023-08-10,Keflavík,FH,1,1,957
2023,2,2023-08-10,Grótta,Fram,1,1,958
2023,2,2023-08-10,HK,Afturelding,5,0,959
2023,3,2023-08-11,Völsungur,KH,2,0,960
2023,4,2023-08-11,Víkingur R.,Breiðablik,3,1,961
2023,2,2023-08-12,Augnablik,FHL,5,6,962
2023,2,2023-08-12,Grindavík,KR,3,2,963
2023,3,2023-08-12,ÍR,Sindri,8,1,964
2023,3,2023-08-13,Einherji,Haukar,4,2,965
2023,1,2023-08-15,ÍBV,Keflavík,1,0,966
2023,1,2023-08-15,Selfoss,FH,1,3,967
2023,1,2023-08-15,Þór/KA,Valur,2,3,968
2023,1,2023-08-15,Þróttur R.,Tindastóll,0,2,969
2023,1,2023-08-16,Stjarnan,Breiðablik,4,2,970
2023,2,2023-08-17,KR,HK,2,3,971
2023,2,2023-08-17,Grindavík,Grótta,3,5,972
2023,2,2023-08-17,Fylkir,Augnablik,7,1,973
2023,2,2023-08-17,Afturelding,Víkingur R.,2,2,974
2023,3,2023-08-17,KH,ÍH,1,3,975
2023,3,2023-08-18,Haukar,ÍR,1,2,976
2023,3,2023-08-19,Smári,Einherji,0,6,977
2023,3,2023-08-19,Sindri,Fjölnir,0,10,978
2023,3,2023-08-19,ÍA,Völsungur,5,1,979
2023,1,2023-08-20,FH,Stjarnan,0,1,980
2023,1,2023-08-20,Selfoss,Þór/KA,1,2,981
2023,1,2023-08-20,Breiðablik,ÍBV,0,0,982
2023,1,2023-08-20,Keflavík,Þróttur R.,1,0,983
2023,1,2023-08-20,Tindastóll,Valur,0,3,984
2023,2,2023-08-20,FHL,Fram,1,1,985
2023,2,2023-08-23,Víkingur R.,KR,5,1,986
2023,2,2023-08-24,Augnablik,Afturelding,1,3,987
2023,2,2023-08-24,HK,Grindavík,5,0,988
2023,3,2023-08-24,KH,Smári,0,1,989
2023,3,2023-08-24,ÍH,ÍA,1,6,990
2023,2,2023-08-25,Fram,Fylkir,2,3,991
2023,3,2023-08-25,Fjölnir,Haukar,0,1,992
2023,2,2023-08-26,Grótta,FHL,4,2,993
2023,3,2023-08-26,ÍR,Einherji,4,2,994
2023,3,2023-08-26,Völsungur,Álftanes,1,0,995
2023,1,2023-08-27,Þróttur R.,Breiðablik,4,2,996
2023,1,2023-08-27,Tindastóll,Þór/KA,0,0,997
2023,1,2023-08-27,Stjarnan,Selfoss,3,0,998
2023,1,2023-08-27,ÍBV,FH,0,2,999
2023,1,2023-08-27,Valur,Keflavík,4,1,1000
2023,2,2023-08-29,Víkingur R.,Fylkir,4,2,1001
2023,3,2023-08-29,Fjölnir,Álftanes,4,1,1002
2023,3,2023-08-29,Haukar,ÍA,2,0,1003
2023,1,2023-08-31,Stjarnan,FH,3,2,1004
2023,1,2023-08-31,Valur,Þór/KA,6,0,1005
2023,2,2023-09-01,HK,Grótta,1,3,1006
2023,2,2023-09-02,KR,Augnablik,7,0,1007
2023,2,2023-09-02,Fylkir,FHL,4,0,1008
2023,3,2023-09-02,Smári,ÍR,1,4,1009
2023,3,2023-09-02,ÍA,KH,5,1,1010
2023,1,2023-09-03,Tindastóll,Keflavík,1,1,1011
2023,3,2023-09-03,Einherji,Fjölnir,2,1,1012
2023,3,2023-09-03,Álftanes,ÍH,3,1,1013
2023,3,2023-09-03,Sindri,Völsungur,0,2,1014
2023,1,2023-09-04,Breiðablik,Þróttur R.,0,4,1015
2023,2,2023-09-04,Grindavík,Víkingur R.,4,2,1016
2023,2,2023-09-04,Afturelding,Fram,2,2,1017
2023,1,2023-09-05,ÍBV,Selfoss,2,1,1018
2023,3,2023-09-07,KH,Álftanes,3,3,1019
2023,3,2023-09-07,ÍA,Smári,6,0,1020
2023,2,2023-09-09,Víkingur R.,HK,0,1,1021
2023,2,2023-09-09,Grótta,Fylkir,2,3,1022
2023,2,2023-09-09,FHL,Afturelding,3,3,1023
2023,2,2023-09-09,Augnablik,Grindavík,0,7,1024
2023,2,2023-09-09,Fram,KR,3,2,1025
2023,3,2023-09-09,ÍH,Sindri,7,0,1026
2023,3,2023-09-09,Haukar,Völsungur,3,1,1027
2023,3,2023-09-09,Fjölnir,ÍR,1,3,1028
2023,1,2023-09-10,Selfoss,Tindastóll,1,2,1029
2023,1,2023-09-10,ÍBV,Keflavík,1,2,1030
2023,1,2023-09-12,FH,Þróttur R.,2,3,1031
2023,1,2023-09-13,Þór/KA,Breiðablik,3,2,1032
2023,1,2023-09-14,Stjarnan,Valur,1,0,1033
2023,3,2023-09-15,Völsungur,Einherji,0,1,1034
2023,3,2023-09-15,Haukar,ÍH,5,0,1035
2023,3,2023-09-15,Smári,Fjölnir,0,5,1036
2023,3,2023-09-15,Álftanes,ÍA,0,4,1037
2023,1,2023-09-16,Keflavík,Selfoss,1,0,1038
2023,1,2023-09-16,Tindastóll,ÍBV,7,2,1039
2023,3,2023-09-16,Sindri,KH,2,1,1040
2023,1,2023-09-17,Valur,FH,3,1,1041
2023,1,2023-09-17,Breiðablik,Stjarnan,2,0,1042
2023,1,2023-09-17,Þróttur R.,Þór/KA,0,2,1043
2023,3,2023-09-27,ÍH,Smári,3,1,1044
2023,1,2023-09-30,Breiðablik,FH,3,1,1045
2023,1,2023-09-30,Þróttur R.,Valur,1,1,1046
2023,1,2023-09-30,Þór/KA,Stjarnan,1,3,1047
2023,1,2023-10-06,FH,Þór/KA,0,0,1048
2023,1,2023-10-06,Valur,Breiðablik,0,1,1049
2023,1,2023-10-06,Stjarnan,Þróttur R.,0,1,1050
2024,5,2024-02-08,Þróttur R.,FH,2,5,1051
2024,5,2024-02-09,Valur,Keflavík,4,0,1052
2024,5,2024-02-09,Stjarnan,Víkingur R.,1,2,1053
2024,5,2024-02-10,Tindastóll,Fylkir,3,3,1054
2024,5,2024-02-10,ÍBV,Þór/KA,0,7,1055
2024,5,2024-02-11,Fram,Grindavík,2,3,1056
2024,5,2024-02-12,ÍR,Grótta,0,2,1057
2024,5,2024-02-14,Valur,Fylkir,5,1,1058
2024,5,2024-02-15,Þróttur R.,Stjarnan,1,1,1059
2024,5,2024-02-16,Þór/KA,Víkingur R.,5,0,1060
2024,5,2024-02-16,Afturelding,Fram,9,2,1061
2024,5,2024-02-17,Keflavík,Fylkir,1,4,1062
2024,5,2024-02-17,Breiðablik,Tindastóll,2,1,1063
2024,5,2024-02-17,FH,ÍBV,5,1,1064
2024,5,2024-02-17,ÍA,ÍR,2,0,1065
2024,5,2024-02-17,HK,Grindavík,3,1,1066
2024,5,2024-02-18,Valur,Selfoss,4,0,1067
2024,5,2024-02-22,Afturelding,HK,2,0,1068
2024,5,2024-02-23,Selfoss,Breiðablik,0,4,1069
2024,5,2024-02-24,FHL,ÍA,1,2,1070
2024,5,2024-02-26,Fram,Grótta,3,3,1071
2024,5,2024-02-26,ÍR,Grindavík,3,0,1072
2024,5,2024-03-01,FH,Stjarnan,0,2,1073
2024,5,2024-03-02,Fylkir,Breiðablik,0,4,1074
2024,5,2024-03-02,Tindastóll,Valur,0,3,1075
2024,5,2024-03-02,Selfoss,Keflavík,0,3,1076
2024,5,2024-03-02,Víkingur R.,ÍBV,4,2,1077
2024,5,2024-03-02,Þór/KA,Þróttur R.,6,2,1078
2024,5,2024-03-02,ÍA,Grindavík,3,3,1079
2024,5,2024-03-02,FHL,Afturelding,0,5,1080
2024,5,2024-03-04,ÍR,HK,4,2,1081
2024,5,2024-03-08,Víkingur R.,Þróttur R.,2,5,1082
2024,5,2024-03-08,Grótta,FHL,2,2,1083
2024,5,2024-03-09,Keflavík,Breiðablik,1,2,1084
2024,5,2024-03-09,Selfoss,Tindastóll,0,2,1085
2024,5,2024-03-09,Stjarnan,ÍBV,2,1,1086
2024,5,2024-03-09,FH,Þór/KA,1,2,1087
2024,5,2024-03-09,ÍA,Fram,1,2,1088
2024,5,2024-03-10,Grindavík,FHL,5,4,1089
2024,5,2024-03-14,Breiðablik,Valur,2,3,1090
2024,5,2024-03-14,ÍR,Afturelding,3,0,1091
2024,5,2024-03-15,Fylkir,Selfoss,5,3,1092
2024,5,2024-03-15,Víkingur R.,FH,2,4,1093
2024,5,2024-03-16,Þróttur R.,ÍBV,5,0,1094
2024,5,2024-03-16,Þór/KA,Stjarnan,2,3,1095
2024,5,2024-03-19,Tindastóll,Keflavík,3,0,1096
2024,5,2024-03-21,Grótta,Afturelding,0,4,1097
2024,5,2024-03-23,Þór/KA,Breiðablik,3,6,1098
2024,5,2024-03-25,Valur,Stjarnan,4,0,1099
2024,5,2024-03-25,Fram,ÍR,7,0,1100
2024,5,2024-03-28,FHL,HK,2,1,1101
2024,5,2024-03-29,Valur,Breiðablik,2,1,1102
2024,5,2024-04-05,ÍA,Afturelding,2,2,1103
2024,5,2024-04-10,HK,ÍA,1,1,1104
2024,5,2024-04-11,Grótta,Grindavík,2,4,1105
2024,5,2024-04-12,Fram,FHL,2,2,1106
2024,5,2024-04-14,Grótta,HK,0,1,1107
2024,5,2024-04-14,ÍR,FHL,0,1,1108
2024,5,2024-04-17,HK,Fram,3,0,1109
2024,5,2024-04-17,Afturelding,Grindavík,0,0,1110
2024,5,2024-04-17,Grótta,ÍA,1,1,1111
2024,4,2024-04-20,Dalvík/Reynir,Einherji,0,3,1112
2024,4,2024-04-20,Haukar,ÍR,2,0,1113
2024,1,2024-04-21,Valur,Þór/KA,3,1,1114
2024,4,2024-04-21,Fjölnir,Sindri,8,0,1115
2024,4,2024-04-21,Völsungur,FHL,1,2,1116
2024,4,2024-04-21,Smári,Grindavík,0,9,1117
2024,4,2024-04-21,Augnablik,Fram,0,5,1118
2024,1,2024-04-22,Tindastóll,FH,0,1,1119
2024,1,2024-04-22,Breiðablik,Keflavík,3,0,1120
2024,1,2024-04-22,Stjarnan,Víkingur R.,1,2,1121
2024,1,2024-04-22,Fylkir,Þróttur R.,1,1,1122
2024,4,2024-04-22,KR,Álftanes,2,0,1123
2024,4,2024-04-22,Afturelding,KH,4,0,1124
2024,4,2024-04-22,ÍA,Selfoss,5,4,1125
2024,4,2024-04-23,HK,Grótta,0,0,1126
2024,1,2024-04-27,Keflavík,Stjarnan,2,3,1127
2024,1,2024-04-27,Þróttur R.,Valur,1,2,1128
2024,1,2024-04-27,Víkingur R.,Fylkir,2,2,1129
2024,1,2024-04-27,Breiðablik,Tindastóll,3,0,1130
2024,1,2024-04-27,FH,Þór/KA,0,4,1131
2024,4,2024-04-30,Haukar,Grótta,2,3,1132
2024,4,2024-05-01,Fram,ÍH,5,1,1133
2024,4,2024-05-01,Einherji,FHL,0,5,1134
2024,4,2024-05-01,Fjölnir,ÍA,0,1,1135
2024,4,2024-05-01,ÍBV,Afturelding,1,2,1136
2024,4,2024-05-01,Grindavík,KR,2,1,1137
2024,1,2024-05-02,Valur,Víkingur R.,7,2,1138
2024,1,2024-05-02,Þór/KA,Þróttur R.,2,1,1139
2024,1,2024-05-02,Fylkir,Keflavík,4,2,1140
2024,1,2024-05-03,Breiðablik,FH,3,0,1141
2024,1,2024-05-03,Stjarnan,Tindastóll,0,2,1142
2024,3,2024-05-04,KR,Vestri,4,0,1143
2024,2,2024-05-05,Afturelding,ÍBV,2,1,1144
2024,2,2024-05-05,Selfoss,FHL,2,2,1145
2024,2,2024-05-06,Fram,ÍR,8,2,1146
2024,2,2024-05-06,ÍA,Grindavík,1,0,1147
2024,2,2024-05-07,HK,Grótta,3,3,1148
2024,1,2024-05-08,Breiðablik,Stjarnan,5,1,1149
2024,1,2024-05-08,FH,Þróttur R.,1,0,1150
2024,1,2024-05-08,Keflavík,Valur,1,2,1151
2024,1,2024-05-09,Víkingur R.,Þór/KA,1,2,1152
2024,1,2024-05-09,Tindastóll,Fylkir,3,0,1153
2024,3,2024-05-09,Augnablik,Vestri,3,0,1154
2024,3,2024-05-09,Haukar,Fjölnir,6,3,1155
2024,3,2024-05-11,KR,Einherji,2,0,1156
2024,3,2024-05-11,Sindri,Smári,3,1,1157
2024,3,2024-05-11,ÍH,Dalvík/Reynir,7,1,1158
2024,2,2024-05-12,FHL,ÍA,4,3,1159
2024,3,2024-05-12,Völsungur,Álftanes,2,1,1160
2024,2,2024-05-13,ÍR,ÍBV,2,0,1161
2024,2,2024-05-13,Grótta,Afturelding,1,1,1162
2024,2,2024-05-13,Grindavík,HK,1,0,1163
2024,3,2024-05-13,KH,Augnablik,1,0,1164
2024,1,2024-05-14,Valur,Tindastóll,3,1,1165
2024,1,2024-05-14,Stjarnan,FH,4,3,1166
2024,1,2024-05-14,Þór/KA,Keflavík,4,0,1167
2024,2,2024-05-14,Fram,Selfoss,2,2,1168
2024,1,2024-05-15,Þróttur R.,Víkingur R.,0,1,1169
2024,1,2024-05-15,Fylkir,Breiðablik,0,2,1170
2024,3,2024-05-16,Smári,KR,1,8,1171
2024,3,2024-05-17,Álftanes,Fjölnir,1,2,1172
2024,3,2024-05-18,KH,Einherji,0,1,1173
2024,3,2024-05-18,Vestri,ÍH,0,5,1174
2024,4,2024-05-18,Tindastóll,Þór/KA,1,2,1175
2024,4,2024-05-18,Grótta,Keflavík,1,3,1176
2024,4,2024-05-18,Grindavík,ÍA,2,2,1177
2024,3,2024-05-19,Sindri,Völsungur,0,10,1178
2024,4,2024-05-19,Afturelding,Víkingur R.,1,0,1179
2024,4,2024-05-19,Valur,Fram,8,0,1180
2024,4,2024-05-19,FH,FHL,3,2,1181
2024,4,2024-05-19,Þróttur R.,Fylkir,5,0,1182
2024,4,2024-05-19,Stjarnan,Breiðablik,3,4,1183
2024,3,2024-05-20,Dalvík/Reynir,Haukar,0,6,1184
2024,2,2024-05-23,ÍBV,Grótta,1,3,1185
2024,2,2024-05-23,Selfoss,ÍR,3,1,1186
2024,2,2024-05-23,Afturelding,Grindavík,1,0,1187
2024,2,2024-05-23,ÍA,Fram,0,2,1188
2024,1,2024-05-24,Stjarnan,Fylkir,2,1,1189
2024,1,2024-05-24,Breiðablik,Valur,2,1,1190
2024,1,2024-05-24,Þór/KA,Tindastóll,5,0,1191
2024,3,2024-05-24,Fjölnir,Augnablik,2,4,1192
2024,3,2024-05-24,Einherji,Völsungur,0,3,1193
2024,3,2024-05-24,Haukar,Álftanes,7,0,1194
2024,1,2024-05-25,Keflavík,Þróttur R.,1,0,1195
2024,1,2024-05-25,FH,Víkingur R.,2,2,1196
2024,2,2024-05-25,HK,FHL,6,1,1197
2024,3,2024-05-25,ÍH,Sindri,15,0,1198
2024,3,2024-05-25,Dalvík/Reynir,KH,1,4,1199
2024,3,2024-05-26,Vestri,Smári,1,1,1200
2024,2,2024-05-29,Selfoss,ÍA,1,2,1201
2024,2,2024-05-30,Grindavík,ÍBV,1,1,1202
2024,2,2024-05-30,Fram,HK,1,1,1203
2024,2,2024-05-30,ÍR,Grótta,0,2,1204
2024,3,2024-05-31,Einherji,ÍH,8,0,1205
2024,3,2024-05-31,Völsungur,Dalvík/Reynir,2,0,1206
2024,3,2024-05-31,Álftanes,KH,3,3,1207
2024,2,2024-06-01,FHL,Afturelding,2,0,1208
2024,3,2024-06-01,Augnablik,Haukar,4,5,1209
2024,3,2024-06-01,Sindri,KR,2,2,1210
2024,2,2024-06-05,ÍA,ÍR,3,0,1211
2024,2,2024-06-05,Grótta,Grindavík,0,1,1212
2024,2,2024-06-06,HK,Selfoss,3,1,1213
2024,2,2024-06-06,Afturelding,Fram,1,0,1214
2024,3,2024-06-07,ÍH,Smári,8,1,1215
2024,1,2024-06-08,Valur,Stjarnan,4,0,1216
2024,1,2024-06-08,Fylkir,FH,0,3,1217
2024,1,2024-06-08,Víkingur R.,Keflavík,0,1,1218
2024,1,2024-06-08,Þróttur R.,Tindastóll,4,2,1219
2024,1,2024-06-08,Þór/KA,Breiðablik,0,3,1220
2024,2,2024-06-08,ÍBV,FHL,3,4,1221
2024,3,2024-06-08,Augnablik,Álftanes,4,1,1222
2024,3,2024-06-08,Haukar,Einherji,2,2,1223
2024,3,2024-06-09,Völsungur,Vestri,5,0,1224
2024,3,2024-06-09,KH,Sindri,3,2,1225
2024,3,2024-06-09,Fjölnir,Dalvík/Reynir,10,0,1226
2024,4,2024-06-11,FH,Þór/KA,0,1,1227
2024,4,2024-06-11,Grindavík,Valur,0,6,1228
2024,4,2024-06-11,Breiðablik,Keflavík,5,2,1229
2024,4,2024-06-11,Afturelding,Þróttur R.,1,4,1230
2024,2,2024-06-14,Fram,ÍBV,0,2,1231
2024,2,2024-06-14,ÍR,Grindavík,0,4,1232
2024,2,2024-06-14,ÍA,HK,0,3,1233
2024,3,2024-06-14,KR,ÍH,5,0,1234
2024,1,2024-06-15,FH,Keflavík,1,0,1235
2024,1,2024-06-15,Stjarnan,Þór/KA,1,4,1236
2024,2,2024-06-15,Selfoss,Afturelding,1,0,1237
2024,3,2024-06-15,Einherji,Fjölnir,1,0,1238
2024,3,2024-06-15,Vestri,KH,2,4,1239
2024,1,2024-06-16,Breiðablik,Þróttur R.,3,0,1240
2024,1,2024-06-16,Fylkir,Valur,1,4,1241
2024,1,2024-06-16,Tindastóll,Víkingur R.,1,1,1242
2024,2,2024-06-16,FHL,Grótta,6,2,1243
2024,3,2024-06-16,Smári,Völsungur,0,5,1244
2024,3,2024-06-17,Sindri,Haukar,2,5,1245
2024,3,2024-06-19,Álftanes,ÍH,1,3,1246
2024,1,2024-06-20,Víkingur R.,Breiðablik,2,1,1247
2024,2,2024-06-20,Grótta,Fram,2,0,1248
2024,1,2024-06-21,Keflavík,Tindastóll,0,2,1249
2024,1,2024-06-21,Þór/KA,Fylkir,3,1,1250
2024,1,2024-06-21,Þróttur R.,Stjarnan,1,0,1251
2024,1,2024-06-21,Valur,FH,3,1,1252
2024,2,2024-06-21,HK,ÍR,4,1,1253
2024,2,2024-06-21,Afturelding,ÍA,3,0,1254
2024,3,2024-06-21,Fjölnir,Sindri,5,0,1255
2024,3,2024-06-21,KH,Smári,1,0,1256
2024,3,2024-06-21,Haukar,Vestri,8,0,1257
2024,2,2024-06-22,ÍBV,Selfoss,1,0,1258
2024,3,2024-06-22,Einherji,Augnablik,4,2,1259
2024,3,2024-06-22,Völsungur,KR,1,2,1260
2024,2,2024-06-23,Grindavík,FHL,0,6,1261
2024,3,2024-06-23,Sindri,Vestri,4,1,1262
2024,3,2024-06-23,Álftanes,Dalvík/Reynir,6,4,1263
2024,1,2024-06-25,Þróttur R.,Fylkir,1,0,1264
2024,1,2024-06-25,Keflavík,Breiðablik,0,2,1265
2024,1,2024-06-25,Þór/KA,Valur,1,2,1266
2024,1,2024-06-26,FH,Tindastóll,4,1,1267
2024,1,2024-06-26,Víkingur R.,Stjarnan,3,2,1268
2024,2,2024-06-26,ÍA,ÍBV,3,1,1269
2024,2,2024-06-26,Fram,Grindavík,4,2,1270
2024,2,2024-06-27,Selfoss,Grótta,0,0,1271
2024,2,2024-06-27,HK,Afturelding,1,3,1272
2024,3,2024-06-27,Smári,Einherji,1,5,1273
2024,3,2024-06-27,ÍH,Haukar,1,3,1274
2024,2,2024-06-28,ÍR,FHL,0,4,1275
2024,3,2024-06-28,Fjölnir,KH,2,0,1276
2024,4,2024-06-28,Þór/KA,Breiðablik,1,2,1277
2024,3,2024-06-29,Augnablik,Völsungur,0,5,1278
2024,3,2024-06-29,Dalvík/Reynir,KR,2,2,1279
2024,4,2024-06-29,Valur,Þróttur R.,3,0,1280
2024,2,2024-07-01,ÍBV,HK,3,2,1281
2024,2,2024-07-01,Grindavík,Selfoss,2,1,1282
2024,2,2024-07-01,Afturelding,ÍR,4,1,1283
2024,1,2024-07-02,Stjarnan,Keflavík,1,0,1284
2024,1,2024-07-02,Tindastóll,Breiðablik,0,1,1285
2024,1,2024-07-02,Fylkir,Víkingur R.,0,0,1286
2024,2,2024-07-02,FHL,Fram,5,1,1287
2024,1,2024-07-03,Valur,Þróttur R.,1,0,1288
2024,1,2024-07-03,Þór/KA,FH,0,1,1289
2024,3,2024-07-03,Smári,Haukar,0,5,1290
2024,3,2024-07-04,KR,KH,6,0,1291
2024,2,2024-07-05,Grindavík,ÍA,1,2,1292
2024,2,2024-07-05,ÍBV,Afturelding,4,1,1293
2024,1,2024-07-06,Tindastóll,Stjarnan,0,0,1294
2024,2,2024-07-06,FHL,Selfoss,3,0,1295
2024,2,2024-07-06,ÍR,Fram,3,3,1296
2024,3,2024-07-06,Einherji,Álftanes,3,2,1297
2024,3,2024-07-06,ÍH,Völsungur,2,2,1298
2024,1,2024-07-07,Víkingur R.,Valur,0,2,1299
2024,1,2024-07-07,Keflavík,Fylkir,1,0,1300
2024,1,2024-07-07,Þróttur R.,Þór/KA,2,4,1301
2024,1,2024-07-07,FH,Breiðablik,0,4,1302
2024,3,2024-07-07,Sindri,Augnablik,3,6,1303
2024,3,2024-07-07,Vestri,Fjölnir,2,2,1304
2024,2,2024-07-08,Grótta,HK,1,0,1305
2024,3,2024-07-10,KH,ÍH,1,4,1306
2024,3,2024-07-10,Haukar,KR,4,3,1307
2024,3,2024-07-10,Dalvík/Reynir,Einherji,1,1,1308
2024,3,2024-07-11,Fjölnir,Smári,7,0,1309
2024,2,2024-07-13,Grótta,ÍA,3,2,1310
2024,3,2024-07-13,Vestri,Álftanes,2,1,1311
2024,3,2024-07-14,Sindri,Dalvík/Reynir,4,1,1312
2024,3,2024-07-14,Völsungur,KH,7,1,1313
2024,3,2024-07-15,KR,Fjölnir,3,1,1314
2024,1,2024-07-19,Þór/KA,Víkingur R.,0,2,1315
2024,2,2024-07-19,ÍBV,ÍR,3,0,1316
2024,2,2024-07-19,Selfoss,Fram,0,2,1317
2024,2,2024-07-19,HK,Grindavík,1,0,1318
2024,2,2024-07-19,Afturelding,Grótta,1,1,1319
2024,3,2024-07-19,Álftanes,Smári,4,0,1320
2024,3,2024-07-19,Augnablik,KR,0,8,1321
2024,1,2024-07-20,Stjarnan,Breiðablik,0,1,1322
2024,1,2024-07-20,Þróttur R.,FH,2,1,1323
2024,1,2024-07-20,Valur,Keflavík,2,1,1324
2024,2,2024-07-20,ÍA,FHL,1,3,1325
2024,3,2024-07-20,Haukar,Völsungur,1,2,1326
2024,3,2024-07-20,Einherji,Sindri,4,3,1327
2024,1,2024-07-21,Fylkir,Tindastóll,4,1,1328
2024,3,2024-07-21,Dalvík/Reynir,Vestri,2,1,1329
2024,3,2024-07-22,Fjölnir,ÍH,1,0,1330
2024,3,2024-07-22,Augnablik,Smári,2,1,1331
2024,3,2024-07-23,KR,Álftanes,3,1,1332
2024,1,2024-07-24,FH,Stjarnan,1,2,1333
2024,1,2024-07-24,Tindastóll,Valur,1,4,1334
2024,1,2024-07-24,Keflavík,Þór/KA,0,1,1335
2024,2,2024-07-24,Grindavík,Afturelding,1,1,1336
2024,3,2024-07-24,Dalvík/Reynir,Augnablik,2,1,1337
2024,2,2024-07-25,Fram,ÍA,1,1,1338
2024,1,2024-07-26,Víkingur R.,Þróttur R.,0,0,1339
2024,1,2024-07-26,Breiðablik,Fylkir,1,0,1340
2024,2,2024-07-26,Grótta,ÍBV,0,1,1341
2024,2,2024-07-26,ÍR,Selfoss,0,0,1342
2024,3,2024-07-26,Völsungur,Fjölnir,0,0,1343
2024,3,2024-07-26,KH,Haukar,1,6,1344
2024,2,2024-07-27,FHL,HK,6,1,1345
2024,3,2024-07-27,Álftanes,Sindri,4,4,1346
2024,3,2024-07-27,ÍH,Augnablik,5,0,1347
2024,3,2024-07-27,Smári,Dalvík/Reynir,1,1,1348
2024,3,2024-07-28,Vestri,Einherji,2,1,1349
2024,1,2024-07-30,Tindastóll,Þór/KA,3,3,1350
2024,1,2024-07-30,Þróttur R.,Keflavík,4,2,1351
2024,1,2024-07-30,Fylkir,Stjarnan,0,1,1352
2024,1,2024-07-31,Valur,Breiðablik,1,0,1353
2024,1,2024-07-31,Víkingur R.,FH,3,2,1354
2024,2,2024-07-31,ÍBV,Grindavík,3,1,1355
2024,2,2024-07-31,HK,Fram,0,3,1356
2024,2,2024-07-31,ÍA,Selfoss,1,0,1357
2024,2,2024-07-31,Afturelding,FHL,1,4,1358
2024,2,2024-07-31,Grótta,ÍR,1,0,1359
2024,2,2024-08-08,Selfoss,HK,2,2,1360
2024,2,2024-08-08,ÍR,ÍA,2,3,1361
2024,1,2024-08-09,Tindastóll,Þróttur R.,1,2,1362
2024,1,2024-08-09,FH,Fylkir,3,1,1363
2024,1,2024-08-09,Stjarnan,Valur,1,1,1364
2024,2,2024-08-09,Grindavík,Grótta,1,2,1365
2024,2,2024-08-09,Fram,Afturelding,3,1,1366
2024,1,2024-08-10,Keflavík,Víkingur R.,1,2,1367
2024,1,2024-08-10,Breiðablik,Þór/KA,4,2,1368
2024,2,2024-08-10,FHL,ÍBV,5,1,1369
2024,3,2024-08-10,ÍH,Haukar,1,2,1370
2024,3,2024-08-10,Augnablik,Fjölnir,0,6,1371
2024,3,2024-08-10,Sindri,KH,2,4,1372
2024,3,2024-08-10,Álftanes,Smári,4,1,1373
2024,3,2024-08-11,KR,Völsungur,2,0,1374
2024,3,2024-08-11,Vestri,Dalvík/Reynir,6,2,1375
2024,1,2024-08-15,Þór/KA,Stjarnan,2,2,1376
2024,1,2024-08-15,Keflavík,FH,3,4,1377
2024,1,2024-08-15,Víkingur R.,Tindastóll,5,1,1378
2024,2,2024-08-15,ÍBV,Fram,1,2,1379
2024,2,2024-08-15,Grindavík,ÍR,4,0,1380
2024,2,2024-08-15,Afturelding,Selfoss,1,3,1381
2024,2,2024-08-15,HK,ÍA,3,1,1382
2024,3,2024-08-15,Augnablik,KH,1,1,1383
2024,4,2024-08-16,Valur,Breiðablik,2,1,1384
2024,2,2024-08-17,Grótta,FHL,1,0,1385
2024,3,2024-08-17,Einherji,ÍH,1,1,1386
2024,3,2024-08-17,Haukar,KR,1,1,1387
2024,3,2024-08-17,Fjölnir,Sindri,4,2,1388
2024,3,2024-08-17,Dalvík/Reynir,Smári,1,0,1389
2024,3,2024-08-18,Vestri,Álftanes,3,2,1390
2024,1,2024-08-20,Þróttur R.,Breiðablik,2,4,1391
2024,1,2024-08-20,Valur,Fylkir,2,0,1392
2024,3,2024-08-20,Einherji,Völsungur,0,1,1393
2024,2,2024-08-21,Fram,Grótta,4,1,1394
2024,3,2024-08-21,ÍH,KR,0,2,1395
2024,2,2024-08-22,ÍA,Afturelding,2,2,1396
2024,2,2024-08-22,ÍR,HK,1,3,1397
2024,2,2024-08-22,Selfoss,ÍBV,0,3,1398
2024,3,2024-08-23,KH,Fjölnir,0,8,1399
2024,2,2024-08-24,FHL,Grindavík,1,4,1400
2024,3,2024-08-24,ÍH,Völsungur,2,5,1401
2024,3,2024-08-24,Smári,Vestri,2,2,1402
2024,3,2024-08-24,Álftanes,Dalvík/Reynir,2,3,1403
2024,1,2024-08-25,FH,Valur,2,4,1404
2024,1,2024-08-25,Breiðablik,Víkingur R.,4,0,1405
2024,1,2024-08-25,Fylkir,Þór/KA,2,2,1406
2024,1,2024-08-25,Stjarnan,Þróttur R.,1,2,1407
2024,1,2024-08-25,Tindastóll,Keflavík,1,1,1408
2024,3,2024-08-25,Haukar,Einherji,7,0,1409
2024,3,2024-08-25,Sindri,Augnablik,3,1,1410
2024,3,2024-08-29,Fjölnir,Augnablik,0,0,1411
2024,1,2024-08-30,Valur,Þróttur R.,1,1,1412
2024,1,2024-08-30,Breiðablik,Víkingur R.,4,0,1413
2024,2,2024-08-30,Grótta,Selfoss,3,1,1414
2024,3,2024-08-30,Smári,Álftanes,2,4,1415
2024,1,2024-08-31,Þór/KA,FH,1,0,1416
2024,2,2024-08-31,FHL,ÍR,6,4,1417
2024,2,2024-08-31,Afturelding,HK,1,4,1418
2024,2,2024-08-31,Grindavík,Fram,0,1,1419
2024,2,2024-08-31,ÍBV,ÍA,0,1,1420
2024,3,2024-08-31,Einherji,KR,1,2,1421
2024,3,2024-08-31,Völsungur,Haukar,1,2,1422
2024,3,2024-08-31,KH,Sindri,2,2,1423
2024,3,2024-08-31,Dalvík/Reynir,Vestri,0,1,1424
2024,1,2024-09-01,Tindastóll,Keflavík,2,1,1425
2024,1,2024-09-02,Stjarnan,Fylkir,1,2,1426
2024,3,2024-09-04,KR,ÍH,5,2,1427
2024,3,2024-09-05,Völsungur,Einherji,2,0,1428
2024,1,2024-09-07,Tindastóll,Fylkir,3,0,1429
2024,1,2024-09-07,Keflavík,Stjarnan,4,4,1430
2024,2,2024-09-07,ÍR,Afturelding,1,0,1431
2024,2,2024-09-07,HK,ÍBV,5,0,1432
2024,2,2024-09-07,ÍA,Grótta,1,2,1433
2024,2,2024-09-07,Fram,FHL,5,0,1434
2024,2,2024-09-07,Selfoss,Grindavík,1,1,1435
2024,3,2024-09-07,KH,Augnablik,7,1,1436
2024,3,2024-09-07,Sindri,Fjölnir,3,1,1437
2024,3,2024-09-07,Álftanes,Vestri,1,2,1438
2024,3,2024-09-07,Smári,Dalvík/Reynir,1,0,1439
2024,3,2024-09-08,KR,Haukar,2,3,1440
2024,3,2024-09-08,ÍH,Einherji,3,1,1441
2024,1,2024-09-12,FH,Víkingur R.,0,3,1442
2024,1,2024-09-13,Þór/KA,Valur,0,1,1443
2024,1,2024-09-13,Þróttur R.,Breiðablik,1,4,1444
2024,3,2024-09-13,Augnablik,Sindri,0,7,1445
2024,1,2024-09-14,Stjarnan,Tindastóll,2,1,1446
2024,1,2024-09-14,Fylkir,Keflavík,1,4,1447
2024,3,2024-09-14,Fjölnir,KH,5,1,1448
2024,3,2024-09-14,Vestri,Smári,6,2,1449
2024,3,2024-09-14,Dalvík/Reynir,Álftanes,1,3,1450
2024,3,2024-09-15,Völsungur,KR,3,2,1451
2024,3,2024-09-15,Haukar,ÍH,6,1,1452
2024,1,2024-09-20,Víkingur R.,Þróttur R.,1,1,1453
2024,3,2024-09-21,Völsungur,ÍH,3,3,1454
2024,1,2024-09-22,Valur,FH,2,0,1455
2024,1,2024-09-22,Breiðablik,Þór/KA,6,1,1456
2024,3,2024-09-22,Einherji,Haukar,0,4,1457
2024,1,2024-09-28,Breiðablik,FH,4,2,1458
2024,1,2024-09-28,Víkingur R.,Valur,1,2,1459
2024,3,2024-09-28,KR,Einherji,2,1,1460
2024,3,2024-09-28,Haukar,Völsungur,3,0,1461
2024,1,2024-09-29,Þróttur R.,Þór/KA,0,0,1462
2024,1,2024-10-05,Þór/KA,Víkingur R.,0,1,1463
2024,1,2024-10-05,FH,Þróttur R.,0,3,1464
2024,1,2024-10-05,Valur,Breiðablik,0,0,1465
2025,5,2025-02-01,FH,Breiðablik,2,4,1466
2025,5,2025-02-07,Valur,Fram,6,0,1467
2025,5,2025-02-07,Keflavík,Breiðablik,0,2,1468
2025,5,2025-02-08,Fylkir,Þróttur R.,1,7,1469
2025,5,2025-02-08,FH,Stjarnan,1,0,1470
2025,5,2025-02-08,FHL,Víkingur R.,1,2,1471
2025,5,2025-02-08,ÍA,KR,4,2,1472
2025,5,2025-02-09,Þór/KA,Tindastóll,9,0,1473
2025,5,2025-02-13,Haukar,Grótta,2,1,1474
2025,5,2025-02-13,Afturelding,Grindavík/ Njarðvík,2,1,1475
2025,5,2025-02-14,Valur,Fylkir,4,1,1476
2025,5,2025-02-14,Víkingur R.,FH,1,1,1477
2025,5,2025-02-14,Breiðablik,Stjarnan,5,1,1478
2025,5,2025-02-15,Fram,Tindastóll,2,1,1479
2025,5,2025-02-15,Þróttur R.,Þór/KA,2,1,1480
2025,5,2025-02-15,Keflavík,FHL,3,0,1481
2025,5,2025-02-15,HK,ÍBV,1,3,1482
2025,5,2025-02-20,Haukar,ÍA,3,5,1483
2025,5,2025-02-20,KR,Afturelding,5,2,1484
2025,5,2025-02-22,FHL,FH,0,3,1485
2025,5,2025-02-22,Grótta,ÍBV,2,1,1486
2025,5,2025-02-23,Þór/KA,Fram,5,1,1487
2025,5,2025-02-23,Breiðablik,Víkingur R.,2,0,1488
2025,5,2025-02-23,Grindavík/ Njarðvík,HK,1,2,1489
2025,5,2025-02-27,HK,KR,4,2,1490
2025,5,2025-02-27,Afturelding,Haukar,3,4,1491
2025,5,2025-02-28,Stjarnan,Víkingur R.,1,1,1492
2025,5,2025-02-28,ÍA,Grótta,3,0,1493
2025,5,2025-03-01,Fram,Þróttur R.,1,1,1494
2025,5,2025-03-01,FH,Keflavík,1,1,1495
2025,5,2025-03-02,FHL,Breiðablik,0,7,1496
2025,5,2025-03-04,Valur,Tindastóll,5,0,1497
2025,5,2025-03-06,Fylkir,Fram,1,0,1498
2025,5,2025-03-06,Haukar,HK,1,0,1499
2025,5,2025-03-08,Tindastóll,Þróttur R.,0,9,1500
2025,5,2025-03-08,Þór/KA,Valur,2,0,1501
2025,5,2025-03-08,Keflavík,Stjarnan,0,4,1502
2025,5,2025-03-08,ÍA,Afturelding,4,1,1503
2025,5,2025-03-08,KR,ÍBV,2,5,1504
2025,5,2025-03-08,Grótta,Grindavík/ Njarðvík,0,1,1505
2025,5,2025-03-11,Fylkir,Þór/KA,0,5,1506
2025,5,2025-03-12,Þróttur R.,Valur,0,1,1507
2025,5,2025-03-12,Grindavík/ Njarðvík,ÍBV,5,2,1508
2025,5,2025-03-14,Víkingur R.,Keflavík,0,3,1509
2025,5,2025-03-14,Stjarnan,FHL,5,0,1510
2025,5,2025-03-14,Afturelding,Grótta,0,6,1511
2025,5,2025-03-16,Tindastóll,Fylkir,2,0,1512
2025,5,2025-03-16,Grindavík/ Njarðvík,KR,4,7,1513
2025,5,2025-03-21,Breiðablik,Valur,2,1,1514
2025,5,2025-03-21,HK,ÍA,0,1,1515
2025,5,2025-03-21,KR,Grótta,2,3,1516
2025,5,2025-03-23,Haukar,ÍBV,3,3,1517
2025,5,2025-03-24,Þór/KA,Stjarnan,1,1,1518
2025,5,2025-03-28,Breiðablik,Þór/KA,4,1,1519
2025,5,2025-03-30,Grindavík/ Njarðvík,ÍA,3,4,1520
2025,5,2025-04-03,Afturelding,HK,1,4,1521
2025,5,2025-04-05,ÍA,ÍBV,4,0,1522
2025,5,2025-04-05,Haukar,Grindavík/ Njarðvík,5,4,1523
2025,5,2025-04-08,Afturelding,ÍBV,1,5,1524
2025,5,2025-04-10,KR,Haukar,5,1,1525
2025,5,2025-04-11,HK,Grótta,3,2,1526
2025,1,2025-04-15,Þróttur R.,Fram,3,1,1527
2025,1,2025-04-15,Breiðablik,Stjarnan,6,1,1528
2025,1,2025-04-16,Tindastóll,FHL,1,0,1529
2025,1,2025-04-16,Valur,FH,0,0,1530
2025,1,2025-04-16,Víkingur R.,Þór/KA,1,4,1531
2025,4,2025-04-16,ÍR,Vestri,3,0,1532
2025,4,2025-04-17,ÍH,Grótta,1,9,1533
2025,4,2025-04-19,Haukar,Selfoss,4,0,1534
2025,4,2025-04-19,ÍA,Grindavík/ Njarðvík,0,1,1535
2025,4,2025-04-19,Dalvík/Reynir,Völsungur,0,1,1536
2025,4,2025-04-19,KÞ,KR,0,6,1537
2025,4,2025-04-19,HK,Afturelding,2,0,1538
2025,4,2025-04-19,Einherji,Sindri,4,2,1539
2025,1,2025-04-21,Þór/KA,Tindastóll,2,1,1540
2025,1,2025-04-21,FHL,Valur,0,2,1541
2025,1,2025-04-22,Stjarnan,Víkingur R.,2,6,1542
2025,1,2025-04-22,Fram,FH,0,2,1543
2025,1,2025-04-22,Þróttur R.,Breiðablik,2,2,1544
2025,4,2025-04-24,Álftanes,Fjölnir,2,3,1545
2025,4,2025-04-26,Einherji,Völsungur,0,7,1546
2025,1,2025-04-27,FH,FHL,3,1,1547
2025,1,2025-04-27,Valur,Þór/KA,3,0,1548
2025,1,2025-04-27,Tindastóll,Stjarnan,1,2,1549
2025,4,2025-04-27,ÍR,KR,1,7,1550
2025,4,2025-04-27,ÍBV,Grótta,4,0,1551
2025,4,2025-04-27,Haukar,HK,0,7,1552
2025,4,2025-04-28,Fjölnir,Fylkir,0,5,1553
2025,4,2025-04-28,Keflavík,Grindavík/ Njarðvík,2,3,1554
2025,1,2025-04-29,Breiðablik,Fram,7,1,1555
2025,1,2025-04-29,Víkingur R.,Þróttur R.,0,1,1556
2025,1,2025-05-03,Breiðablik,Víkingur R.,4,0,1557
2025,1,2025-05-03,Fram,FHL,2,0,1558
2025,1,2025-05-03,Þór/KA,FH,0,3,1559
2025,1,2025-05-03,Þróttur R.,Tindastóll,1,0,1560
2025,1,2025-05-03,Stjarnan,Valur,1,0,1561
2025,2,2025-05-03,Grótta,HK,1,2,1562
2025,2,2025-05-03,Afturelding,KR,1,3,1563
2025,2,2025-05-03,Fylkir,ÍA,3,1,1564
2025,2,2025-05-03,Haukar,Keflavík,2,1,1565
2025,2,2025-05-03,Grindavík/ Njarðvík,ÍBV,2,1,1566
2025,3,2025-05-04,Smári,Sindri,1,6,1567
2025,3,2025-05-04,Fjölnir,Selfoss,1,5,1568
2025,2,2025-05-07,ÍBV,Grótta,5,1,1569
2025,1,2025-05-08,Tindastóll,Breiðablik,1,5,1570
2025,1,2025-05-08,Valur,Þróttur R.,1,3,1571
2025,1,2025-05-08,FHL,Þór/KA,2,5,1572
2025,2,2025-05-08,HK,Haukar,1,0,1573
2025,2,2025-05-08,Keflavík,KR,2,2,1574
2025,2,2025-05-08,ÍA,Afturelding,2,0,1575
2025,2,2025-05-08,Fylkir,Grindavík/ Njarðvík,3,2,1576
2025,3,2025-05-08,Dalvík/Reynir,Völsungur,1,4,1577
2025,1,2025-05-09,Víkingur R.,Fram,1,2,1578
2025,1,2025-05-09,FH,Stjarnan,2,1,1579
2025,3,2025-05-10,KÞ,Sindri,1,1,1580
2025,3,2025-05-10,Selfoss,ÍR,3,1,1581
2025,3,2025-05-10,ÍH,Einherji,3,0,1582
2025,3,2025-05-11,Smári,Vestri,0,1,1583
2025,4,2025-05-11,Þór/KA,KR,6,0,1584
2025,4,2025-05-11,FHL,Breiðablik,0,3,1585
2025,4,2025-05-11,ÍBV,Völsungur,1,0,1586
